OBJECTID,Species,Count,Repeat Observation,Substrate,Sex,Breeding Activity,Observation Notes,Water Level,Observers,Starting Time,Ending Time,Starting Temp (F),Starting % Cloud Cover,Starting Cloud Height,Starting Wind Speed,Starting Wind Direction,Starting Rain,Ending Temp (F),Ending % Cloud Cover,Ending Cloud Height,Ending Wind Speed,Ending Wind Direction,Ending Rain,Weather Note,GlobalID,CreationDate,Creator,EditDate,Editor,Speed (km/h),Direction of travel (°),Compass reading (°),Position source type,Receiver Name,Horizontal Accuracy (m),Vertical Accuracy (m),Latitude,Longitude,Altitude,PDOP,HDOP,VDOP,Fix Type,Correction Age,x,y
185,American Coot,1,No,,,,,,"CB,  MR",7:54,,50,,,,,,,,,,,,,3980c1af-ae8e-42a0-b26d-707d824a03d1,1/11/22 15:56,ccber_user,1/11/22 15:56,ccber_user,,,,,,,,,,,,,,,,-119.8485591,34.41087912
186,Mallard,1,No,,,,,,,,,,,,,,,,,,,,,,9edfb6e7-bea0-419b-8ef6-bfc327d3c077,1/11/22 15:58,ccber_user,1/11/22 15:58,ccber_user,,,,,,,,,,,,,,,,-119.8478168,34.41072227
187,Black-necked Stilt,1,No,,,,,,,,,,,,,,,,,,,,,,e88cf2ef-f65c-4f42-9f6a-8d2ccbeeb2ae,1/11/22 15:59,ccber_user,1/11/22 15:59,ccber_user,,,,,,,,,,,,,,,,-119.8479708,34.41064604
188,Ruddy Duck,14,No,,,,,,,,,,,,,,,,,,,,,,fe8da7e3-d0b7-4584-a4f4-2c827abfac85,1/11/22 16:00,ccber_user,1/11/22 16:04,ccber_user,,,,,,,,,,,,,,,,-119.8478553,34.41062803
189,California Towhee,2,No,,,,,,,,,,,,,,,,,,,,,,48001456-feb9-47ac-8cc5-60b67ec237d4,1/11/22 16:01,ccber_user,1/11/22 16:01,ccber_user,,,,,,,,,,,,,,,,-119.8476728,34.41062803
190,Song Sparrow,2,No,,,,,,,,,,,,,,,,,,,,,,778e657d-7c31-4e73-af63-34b763e42699,1/11/22 16:01,ccber_user,1/11/22 16:01,ccber_user,,,,,,,,,,,,,,,,-119.8476497,34.41081228
191,Northern Mockingbird,1,No,,,,,,,,,,,,,,,,,,,,,,f4f6adf0-875f-4de7-852f-c50c6b712c90,1/11/22 16:02,ccber_user,1/11/22 16:02,ccber_user,,,,,,,,,,,,,,,,-119.8475213,34.41090758
192,European Starling,3,No,,,,,,,,,,,,,,,,,,,,,,e658b322-1720-492f-b71d-a2512e914e47,1/11/22 16:02,ccber_user,1/11/22 16:02,ccber_user,,,,,,,,,,,,,,,,-119.847529,34.41100499
193,Yellow-rumped Warbler,5,No,,,,,,,,,,,,,,,,,,,,,,5eb5e0be-4448-42e6-96a2-8b98abfab996,1/11/22 16:02,ccber_user,1/11/22 16:02,ccber_user,,,,,,,,,,,,,,,,-119.8475701,34.41053274
194,Red-tailed Hawk,1,No,,,,near nest tree,,,,,,,,,,,,,,,,,,c07f4cd8-659f-49a3-ac81-d8186a447887,1/11/22 16:03,ccber_user,1/11/22 16:03,ccber_user,,,,,,,,,,,,,,,,-119.8475807,34.41017867
195,White-crowned Sparrow,2,No,,,,,,,,,,,,,,,,,,,,,,df08ca83-79d1-435f-8085-f463ad6040f3,1/11/22 16:03,ccber_user,1/11/22 16:03,ccber_user,,,,,,,,,,,,,,,,-119.8477527,34.41045658
196,Redhead,9,Yes,,,,,,,,,,,,,,,,,,,,,,b046a7cc-cfc4-406e-a721-f9136d2e0a9e,1/11/22 16:06,ccber_user,1/11/22 16:06,ccber_user,,,,,,,,,,,,,,,,-119.8492189,34.41073915
197,American Coot,1,No,,,,,,,,,,,,,,,,,,,,,,2ed2c814-c6d1-442d-82dc-a32b8035b8e9,1/11/22 16:07,ccber_user,1/11/22 16:07,ccber_user,,,,,,,,,,,,,,,,-119.8478481,34.41023547
198,Short-billed/Long-billed Dowitcher,14,No,,,,,,,,,,,,,,,,,,,,,,745846a0-1271-40c1-bd85-166c81247c94,1/11/22 16:07,ccber_user,1/11/22 16:07,ccber_user,,,,,,,,,,,,,,,,-119.8478943,34.41047689
199,Killdeer,3,No,,,,,,,,,,,,,,,,,,,,,,a45a0eb4-6635-428b-830b-77ce7a638fe9,1/11/22 16:07,ccber_user,1/11/22 16:07,ccber_user,,,,,,,,,,,,,,,,-119.8481305,34.41074373
200,Song Sparrow,2,No,,,,,,,,,,,,,,,,,,,,,,f07896f8-b07b-4bcd-9f7f-69ef83c5f74e,1/11/22 16:09,ccber_user,1/11/22 16:10,ccber_user,,,,,,,,,,,,,,,,-119.8476402,34.4100004
201,White-crowned Sparrow,14,No,,,,,,,,,,,,,,,,,,,,,,eccc7593-19c2-42f3-b452-987837a056e4,1/11/22 16:09,ccber_user,1/11/22 16:10,ccber_user,,,,,,,,,,,,,,,,-119.847689,34.40995169
202,White-crowned Sparrow,3,No,,,,,,,,,,,,,,,,,,,,,,6abb71b7-1507-40c3-8283-ec27f5d95cc8,1/11/22 16:11,ccber_user,1/11/22 16:11,ccber_user,,,,,,,,,,,,,,,,-119.8476736,34.40983521
203,Double-crested Cormorant,12,No,,,,,,,,,,,,,,,,,,,,,,42741f15-267a-4a92-95bc-406a71c41b44,1/11/22 16:12,ccber_user,1/11/22 16:12,ccber_user,,,,,,,,,,,,,,,,-119.8484109,34.40908175
204,Brown Pelican,1,No,,,,,,,,,,,,,,,,,,,,,,5013c0f8-7d8a-410e-a680-c963b8e8c241,1/11/22 16:12,ccber_user,1/11/22 16:12,ccber_user,,,,,,,,,,,,,,,,-119.848416,34.40908609
205,Great Blue Heron,1,No,,,,,,,,,,,,,,,,,,,,,,28160270-c758-4bcf-9d43-72356dd660d9,1/11/22 16:12,ccber_user,1/11/22 16:12,ccber_user,,,,,,,,,,,,,,,,-119.8483878,34.40905738
206,Black-necked Stilt,6,No,Air,,,,,,,,,,,,,,,,,,,,,6b5d8038-f0b4-47c0-9aeb-2819db85f9d1,1/11/22 16:13,ccber_user,1/11/22 16:13,ccber_user,,,,,,,,,,,,,,,,-119.8483467,34.40927406
207,Short-billed/Long-billed Dowitcher,1,No,,,,,,,,,,,,,,,,,,,,,,217391ec-dd7f-4ce9-a513-fee6db7cafc5,1/11/22 16:13,ccber_user,1/11/22 16:13,ccber_user,,,,,,,,,,,,,,,,-119.8483852,34.40937466
208,Great Egret,1,No,,,,,,,,,,,,,,,,,,,,,,9b183a6a-31be-4b3c-8551-f25a0f15aeee,1/11/22 16:15,ccber_user,1/11/22 16:15,ccber_user,,,,,Samsung SM-T713,3.29,3.76,34.40968797,-119.8477073,-30.4,1.1,0.7,0.8,1,,-119.8477073,34.40968797
209,Ring-billed Gull,1,No,,,,,,,,,,,,,,,,,,,,,,b3df67f9-4562-4391-bf49-5928e884c0b5,1/11/22 16:16,ccber_user,1/11/22 16:16,ccber_user,,,,,,,,,,,,,,,,-119.8482184,34.40956525
210,Snowy Egret,15,Yes,,,,following cormorants,,,,,,,,,,,,,,,,,,9d0d9d45-91c1-4768-bd93-50daf8256609,1/11/22 16:16,ccber_user,1/11/22 16:16,ccber_user,,,,,,,,,,,,,,,,-119.8480253,34.41069048
211,Great Egret,1,Yes,,,,,,,,,,,,,,,,,,,,,,a48418a7-52c8-4beb-8727-d5a4b00e1a3a,1/11/22 16:17,ccber_user,1/11/22 16:17,ccber_user,,,,,,,,,,,,,,,,-119.8478025,34.41038556
212,Ring-billed Gull,4,No,,,,,,,,,,,,,,,,,,,,,,e1b060b9-1b90-4333-b4a0-6a7b71246fee,1/11/22 16:18,ccber_user,1/11/22 16:19,ccber_user,,,,,,,,,,,,,,,,-119.847972,34.40954057
213,Western Gull,1,No,,,,,,,,,,,,,,,,,,,,,,96a46f46-70de-45b6-921b-0b1f31f3f1ec,1/11/22 16:18,ccber_user,1/11/22 16:18,ccber_user,,,,,,,,,,,,,,,,-119.8480284,34.40956704
214,Eared Grebe,3,No,,,,,,,,,,,,,,,,,,,,,,6fcc1927-b54e-40c3-b082-0a69fe8ac3c2,1/11/22 16:19,ccber_user,1/11/22 16:19,ccber_user,,,,,,,,,,,,,,,,-119.8480028,34.40932138
215,Red-tailed Hawk,1,Yes,,,,,,,,,,,,,,,,,,,,,,6cfd5fd8-c4be-44c5-aa6c-52beb9915a09,1/11/22 16:20,ccber_user,1/11/22 16:20,ccber_user,,,,,,,,,,,,,,,,-119.8485059,34.40894342
216,Song Sparrow,1,No,,,,,,,,,,,,,,,,,,,,,,9fbe3126-f330-4dfd-aa39-23bec8cefac9,1/11/22 16:20,ccber_user,1/11/22 16:20,ccber_user,,,,,Samsung SM-T713,3.29,3.76,34.40949777,-119.8474856,-37.9,1.1,0.7,0.8,1,,-119.8474856,34.40949777
217,Western Gull,2,No,,,,,,,,,,,,,,,,,,,,,,23f7efb6-66b0-4efa-8e88-1f43a92dae54,1/11/22 16:22,ccber_user,1/11/22 16:22,ccber_user,,,,,,,,,,,,,,,,-119.847225,34.40877262
218,Ruddy Duck,3,No,,,,,,,,,,,,,,,,,,,,,,3645efe1-ca39-4e51-a7a5-bb59fe013d87,1/11/22 16:22,ccber_user,1/11/22 16:22,ccber_user,,,,,,,,,,,,,,,,-119.8470145,34.40868897
219,Eared Grebe,1,No,,,,,,,,,,,,,,,,,,,,,,fcb3e708-3ce3-4676-b66d-b73df87b259d,1/11/22 16:22,ccber_user,1/11/22 16:22,ccber_user,,,,,,,,,,,,,,,,-119.8470479,34.40886475
220,California Scrub-Jay,2,No,,,,,,,,,,,,,,,,,,,,,,be1b575c-8132-43c3-9b01-325ae9348ace,1/11/22 16:23,ccber_user,1/11/22 16:25,ccber_user,,,,,,,,,,,,,,,,-119.846642,34.409157
221,California Thrasher,1,No,,,,,,,,,,,,,,,,,,,,,,5f4ae5eb-0456-44b5-b8fc-836e9beef515,1/11/22 16:24,ccber_user,1/11/22 16:24,ccber_user,,,,,,,,,,,,,,,,-119.8461804,34.40920024
222,Pied-billed Grebe,1,No,,,,,,,,,,,,,,,,,,,,,,87002a5d-1378-4390-9b66-1344f665f514,1/11/22 16:24,ccber_user,1/11/22 16:24,ccber_user,,,,,,,,,,,,,,,,-119.8464037,34.40860514
223,Double-crested Cormorant,11,No,,,,,,,,,,,,,,,,,,,,,,18451019-b893-4179-b4c8-7c53927f9aad,1/11/22 16:25,ccber_user,1/11/22 16:25,ccber_user,,,,,,,,,,,,,,,,-119.8465372,34.40797668
224,Western Gull,1,No,,,,,,,,,,,,,,,,,,,,,,ce5c5398-eeee-4f48-a7d7-b7d2bec6859d,1/11/22 16:26,ccber_user,1/11/22 16:26,ccber_user,,,,,,,,,,,,,,,,-119.8465156,34.40799279
225,Anna's Hummingbird,2,No,,,,,,,,,,,,,,,,,,,,,,e4c8e7e7-3f92-4fe1-9d02-9008547077fc,1/11/22 16:26,ccber_user,1/11/22 16:27,ccber_user,,,,,,,,,,,,,,,,-119.8462452,34.40911795
226,Rufous/Allen's Hummingbird,1,No,,,,,,,,,,,,,,,,,,,,,,426e24f1-bfc3-477c-84ea-83f2054af8b3,1/11/22 16:28,ccber_user,1/11/22 16:28,ccber_user,,,,,,,,,,,,,,,,-119.8458473,34.40915819
227,California Towhee,1,No,,,,,,,,,,,,,,,,,,,,,,a11d096c-9e5c-4746-a851-006ecc031dbc,1/11/22 16:29,ccber_user,1/11/22 16:29,ccber_user,,,,,Samsung SM-T713,3.29,3.76,34.40892352,-119.8457384,-30.2,1.1,0.7,0.8,1,,-119.8457384,34.40892352
228,Song Sparrow,1,No,,,,,,,,,,,,,,,,,,,,,,565e9a24-8df4-4763-bba7-a10365c1e451,1/11/22 16:29,ccber_user,1/11/22 16:29,ccber_user,,,,,,,,,,,,,,,,-119.8457471,34.40902742
229,Anna's Hummingbird,1,No,,,,,,,,,,,,,,,,,,,,,,a8c09557-6c01-4b24-b37b-250b6f397f91,1/11/22 16:30,ccber_user,1/11/22 16:30,ccber_user,,,,,,,,,,,,,,,,-119.8455803,34.40911848
230,White-crowned Sparrow,1,No,,,,,,,,,,,,,,,,,,,,,,333cdf80-2654-4b79-937d-fbbc525466ab,1/11/22 16:30,ccber_user,1/11/22 16:30,ccber_user,,,,,,,,,,,,,,,,-119.8456069,34.40898955
231,California Scrub-Jay,1,No,,,,,,,,,,,,,,,,,,,,,,3c404d80-57f4-4d35-a29b-a6ddfec1b606,1/11/22 16:30,ccber_user,1/11/22 16:30,ccber_user,,,,,,,,,,,,,,,,-119.8455905,34.40899619
232,Yellow-rumped Warbler,3,No,,,,,,,,,,,,,,,,,,,,,,60d0d53c-17e7-47be-ab20-c1aa9ec3d04e,1/11/22 16:31,ccber_user,1/11/22 16:31,ccber_user,,,,,,,,,,,,,,,,-119.8454211,34.40929056
233,House Wren,1,No,,,,,,,,,,,,,,,,,,,,,,e5a3aa6d-7e05-4bbe-a35a-21536f6a7913,1/11/22 16:32,ccber_user,1/11/22 16:32,ccber_user,,,,,,,,,,,,,,,,-119.845714,34.40908788
234,Greater/Lesser Scaup,106,No,,,,greater scaup identifiedhere recently,,,,,,,,,,,,,,,,,,2b130986-a2e1-4037-af7d-a1fe590bc08f,1/11/22 16:40,ccber_user,1/11/22 16:40,ccber_user,,,,,,,,,,,,,,,,-119.8458013,34.40866856
235,Bufflehead,1,No,,,,,,,,,,,,,,,,,,,,,,df800ea4-36b2-4cd6-9dfc-08e11b33f303,1/11/22 16:40,ccber_user,1/11/22 16:40,ccber_user,,,,,,,,,,,,,,,,-119.8457551,34.40861825
236,Bushtit,20,No,,,,,,,,,,,,,,,,,,,,,,986b22d9-4dec-4c4e-830f-19fcb588218c,1/11/22 16:44,ccber_user,1/11/22 16:45,ccber_user,,,,,,,,,,,,,,,,-119.8455381,34.40877497
237,California Scrub-Jay,2,Yes,,,,,,,,,,,,,,,,,,,,,,88e596f0-9a2b-4622-b5de-eaccb9f41879,1/11/22 16:45,ccber_user,1/11/22 16:45,ccber_user,,,,,,,,,,,,,,,,-119.8452455,34.40871523
238,American Coot,1,No,,,,,,,,,,,,,,,,,,,,,,05b2e075-57c6-443d-a5da-133d3a4a5d42,1/11/22 16:46,ccber_user,1/11/22 16:46,ccber_user,,,,,,,,,,,,,,,,-119.8453046,34.40850981
239,Ruddy Duck,5,No,,,,,,,,,,,,,,,,,,,,,,aea93798-0d0e-4554-9613-1d8c822d3d3e,1/11/22 16:47,ccber_user,1/11/22 16:48,ccber_user,,,,,,,,,,,,,,,,-119.8451608,34.4084892
240,American Wigeon,3,No,,,,,,,,,,,,,,,,,,,,,,ce253522-6e52-4a54-aab7-d657fdaa603c,1/11/22 16:47,ccber_user,1/11/22 16:49,ccber_user,,,,,,,,,,,,,,,,-119.8452866,34.40841931
241,Ring-billed Gull,1,No,,,,,,,,,,,,,,,,,,,,,,c1cbd477-6758-499e-aa2f-fc7c52374923,1/11/22 16:47,ccber_user,1/11/22 16:47,ccber_user,,,,,,,,,,,,,,,,-119.845112,34.40834519
242,Northern Mockingbird,1,No,,,,,,,,,,,,,,,,,,,,,,b76ecbe4-7e5f-40ad-90d1-10e395ddc6ec,1/11/22 16:49,ccber_user,1/11/22 16:49,ccber_user,,,,,,,,,,,,,,,,-119.8448399,34.40874334
243,Common Yellowthroat,1,No,,,,,,,,,,,,,,,,,,,,,,83e88776-7be2-487e-94d2-19feb02533f9,1/11/22 16:49,ccber_user,1/11/22 16:49,ccber_user,,,,,Samsung SM-T713,3.29,3.76,34.40878742,-119.8451032,-33.2,1,0.7,0.8,1,,-119.8451032,34.40878742
244,Yellow-rumped Warbler,3,No,,,,,,,,,,,,,,,,,,,,,,525ada08-cfff-4d3b-bef7-97ea2b3228f8,1/11/22 16:50,ccber_user,1/11/22 16:50,ccber_user,,,,,,,,,,,,,,,,-119.8448476,34.40879628
245,Anna's Hummingbird,2,No,,,,,,,,,,,,,,,,,,,,,,d8ff4d87-801a-4e6a-a595-9f7a9b65f246,1/11/22 16:50,ccber_user,1/11/22 16:50,ccber_user,,,,,,,,,,,,,,,,-119.8447886,34.40875075
246,House Finch,2,No,,,,,,,,,,,,,,,,,,,,,,ee784608-4869-4933-be18-733c56361292,1/11/22 16:50,ccber_user,1/11/22 16:50,ccber_user,,,,,,,,,,,,,,,,-119.8447655,34.40878463
247,Belted Kingfisher,1,Yes,,,,,,,,,,,,,,,,,,,,,,9c8a86ba-0d9c-40cf-be39-50ffff9db7f1,1/11/22 16:51,ccber_user,1/11/22 16:51,ccber_user,,,,,,,,,,,,,,,,-119.8457204,34.40755327
248,Belted Kingfisher,1,No,,,,,,,,,,,,,,,,,,,,,,c8ab173a-d5fb-4bb4-b00c-ac6641efd2c0,1/11/22 16:52,ccber_user,1/11/22 16:52,ccber_user,,,,,,,,,,,,,,,,-119.8458847,34.40875922
249,Eared Grebe,1,No,,,,,,,,,,,,,,,,,,,,,,0c6efe03-6003-43d1-876e-3267398800e0,1/11/22 16:52,ccber_user,1/11/22 16:52,ccber_user,,,,,,,,,,,,,,,,-119.8452927,34.40764123
250,Ruddy Duck,3,No,,,,,,,,,,,,,,,,,,,,,,2a586355-0182-4eb3-a158-4cbfde20c71b,1/11/22 16:52,ccber_user,1/11/22 16:52,ccber_user,,,,,,,,,,,,,,,,-119.8450942,34.40756257
251,Ring-billed Gull,1,No,,,,,,,,,,,,,,,,,,,,,,12eddad0-eeb1-49e1-9d93-4c3e1b3e9cfa,1/11/22 16:52,ccber_user,1/11/22 16:52,ccber_user,,,,,,,,,,,,,,,,-119.844956,34.40758409
252,Double-crested Cormorant,3,No,,,,,,,,,,,,,,,,,,,,,,1bd38323-1385-4049-9801-e1accb341504,1/11/22 16:52,ccber_user,1/11/22 16:52,ccber_user,,,,,,,,,,,,,,,,-119.8448416,34.40754497
253,Mallard,17,No,,,,,,,,,,,,,,,,,,,,,,ced91a61-af90-41dd-82c5-a0a4b5bbc7ea,1/11/22 16:54,ccber_user,1/11/22 16:54,ccber_user,,,,,,,,,,,,,,,,-119.8440793,34.4082266
254,Bufflehead,1,No,,,,,,,,,,,,,,,,,,,,,,7b00835b-8164-44d0-b6de-7b00513b3b20,1/11/22 16:54,ccber_user,1/11/22 16:54,ccber_user,,,,,,,,,,,,,,,,-119.8441152,34.40822776
255,Pied-billed Grebe,1,No,,,,,,,,,,,,,,,,,,,,,,46c0d8b3-83b5-4607-8c61-003f9a3c5076,1/11/22 16:54,ccber_user,1/11/22 16:54,ccber_user,,,,,,,,,,,,,,,,-119.844277,34.40827223
256,Ruddy Duck,5,No,,,,,,,,,,,,,,,,,,,,,,7525976a-3a16-4082-bb8d-fbb29127f266,1/11/22 16:54,ccber_user,1/11/22 16:54,ccber_user,,,,,,,,,,,,,,,,-119.8442102,34.40811975
257,American Wigeon,10,No,,,,,,,,,,,,,,,,,,,,,,b678628f-0c6f-4309-ac54-c097d64d1fbe,1/11/22 16:54,ccber_user,1/11/22 16:54,ccber_user,,,,,,,,,,,,,,,,-119.8443181,34.40818974
258,American Coot,5,No,,,,,,,,,,,,,,,,,,,,,,58ffa696-6d9a-4805-ad9b-86a37751a4a7,1/11/22 16:55,ccber_user,1/11/22 16:55,ccber_user,,,,,,,,,,,,,,,,-119.844106,34.40835148
259,Mallard,2,No,,,,,,,,,,,,,,,,,,,,,,a1a9a694-d83c-4976-93ec-4e37a789fd22,1/11/22 16:55,ccber_user,1/11/22 16:55,ccber_user,,,,,,,,,,,,,,,,-119.8439648,34.40834513
260,Anna's Hummingbird,1,No,,,,,,,,,,,,,,,,,,,,,,e0271a95-dc0d-4918-a82a-771ecbd4aeb5,1/11/22 16:56,ccber_user,1/11/22 16:56,ccber_user,,,,,Samsung SM-T713,3.76,3.76,34.40855388,-119.8440963,-26.3,1.1,0.8,0.8,1,,-119.8440963,34.40855388
261,Song Sparrow,2,No,,,,,,,,,,,,,,,,,,,,,,5812b608-ca92-4493-a9b6-054640d0aa67,1/11/22 16:56,ccber_user,1/11/22 16:57,ccber_user,,,,,Samsung SM-T713,3.29,3.76,34.4085523,-119.8440954,-26,1,0.7,0.8,1,,-119.8440954,34.4085523
262,Townsend's Warbler,1,No,,,,,,,,,,,,,,,,,,,,,,7975e420-d03a-4723-88a8-62a1c47f42cf,1/11/22 16:58,ccber_user,1/11/22 16:58,ccber_user,,,,,Samsung SM-T713,4.7,4.23,34.40852208,-119.8438675,-28.7,1.3,1,0.9,1,,-119.8438675,34.40852208
263,American Crow,1,No,,,,,,,,,,,,,,,,,,,,,,74d9543d-8167-4146-b3d5-6c72e2727c6f,1/11/22 16:58,ccber_user,1/11/22 16:58,ccber_user,,,,,Samsung SM-T713,3.29,3.76,34.408545,-119.843731,-23.7,1,0.7,0.8,1,,-119.843731,34.408545
264,Ruby-crowned Kinglet,1,No,,,,,,,,,,,,,,,,,,,,,,a2c3fb3d-348a-4b65-852e-e580a5026ac6,1/11/22 16:59,ccber_user,1/11/22 16:59,ccber_user,,,,,Samsung SM-T713,3.76,3.76,34.4085867,-119.8438327,-29.8,1.2,0.8,0.8,1,,-119.8438327,34.4085867
265,Orange-crowned Warbler,1,No,,,,,,,,,,,,,,,,,,,,,,738b4a90-2595-4822-8978-2247f912ef35,1/11/22 17:00,ccber_user,1/11/22 17:00,ccber_user,,,,,,,,,,,,,,,,-119.8437364,34.40861409
266,Acorn Woodpecker,2,No,,,,,,,,,,,,,,,,,,,,,,33244cec-e723-4d39-8ef4-3e93a2fff8f2,1/11/22 17:02,ccber_user,1/11/22 17:02,ccber_user,,,,,,,,,,,,,,,,-119.8435387,34.40854632
267,Anna's Hummingbird,1,No,,,,,,,,,,,,,,,,,,,,,,70bb3ae0-3309-4227-93a7-0c6b7d9fa4f6,1/11/22 17:02,ccber_user,1/11/22 17:02,ccber_user,,,,,,,,,,,,,,,,-119.8434788,34.40847152
268,Snowy Egret,1,No,,,,,,,,,,,,,,,,,,,,,,e338597a-d894-4286-89df-b14dcc6c8b44,1/11/22 17:04,ccber_user,1/11/22 17:04,ccber_user,,,,,,,,,,,,,,,,-119.8442035,34.40834085
269,Bufflehead,5,No,,,,,,,,,,,,,,,,,,,,,,76e818c2-57ae-4d6f-8645-f48946f1609e,1/11/22 17:07,ccber_user,1/11/22 17:07,ccber_user,,,,,,,,,,,,,,,,-119.8442236,34.40755189
270,Pied-billed Grebe,1,No,,,,,,,,,,,,,,,,,,,,,,6bcd710c-39bf-4d46-95bf-042cef9626ed,1/11/22 17:07,ccber_user,1/11/22 17:07,ccber_user,,,,,,,,,,,,,,,,-119.8441754,34.4074188
271,Great Egret,1,No,Other,,,standing on kelp,,,,,,,,,,,,,,,,,,23499df7-3dbc-4f9e-bee6-e382fbd5d126,1/11/22 17:09,ccber_user,1/11/22 17:09,ccber_user,,,,,,,,,,,,,,,,-119.8420856,34.4065602
272,Least Sandpiper,5,No,,,,,,,,,,,,,,,,,,,,,,7384d35d-a4c7-4ef9-9786-c3428b9b37af,1/11/22 17:10,ccber_user,1/11/22 17:11,ccber_user,,,,,,,,,,,,,,,,-119.8435999,34.40676524
273,Black-bellied Plover,1,No,,,,,,,,,,,,,,,,,,,,,,4772831d-0063-441a-8889-2726ddba951f,1/11/22 17:11,ccber_user,1/11/22 17:11,ccber_user,,,,,,,,,,,,,,,,-119.8438263,34.40603253
274,Yellow-rumped Warbler,1,No,,,,,,,,,,,,,,,,,,,,,,743fa525-1117-4e91-9f21-8126c1816a90,1/11/22 17:12,ccber_user,1/11/22 17:12,ccber_user,,,,,Samsung SM-T713,2.82,3.29,34.4062802,-119.8439862,-32.7,1,0.6,0.7,1,,-119.8439862,34.4062802
275,Song Sparrow,1,No,,,,,,,,,,,,,,,,,,,,,,bf32dae6-3f5a-4be1-926f-693caae78d10,1/11/22 17:13,ccber_user,1/11/22 17:13,ccber_user,,,,,,,,,,,,,,,,-119.8443018,34.40602544
276,White-crowned Sparrow,5,No,,,,,,,,,,,,,,,,,,,,,,d2fa1446-9da7-4c80-b80a-bc2e98ad645b,1/11/22 17:13,ccber_user,1/11/22 17:13,ccber_user,,,,,,,,,,,,,,,,-119.844319,34.40601126
277,Song Sparrow,1,No,,,,,,,,,,,,,,,,,,,,,,6d1fd7cb-374f-44bf-9b4a-79bd51a032b3,1/11/22 17:14,ccber_user,1/11/22 17:14,ccber_user,,,,,,,,,,,,,,,,-119.8441843,34.40570635
278,Heermann's Gull,76,No,,,,,,,,,,,,,,,,,,,,,,ba6212d1-4212-486f-8c23-82302902f666,1/11/22 17:17,ccber_user,1/11/22 17:17,ccber_user,,,,,,,,,,,,,,,,-119.844064,34.40459159
279,Black-bellied Plover,4,No,,,,,,,,,,,,,,,,,,,,,,d68f3e1d-152e-46b4-b2c3-b8c25c372617,1/11/22 17:17,ccber_user,1/11/22 17:17,ccber_user,,,,,,,,,,,,,,,,-119.8441783,34.40463475
280,Western Gull,3,No,,,,,,,,,,,,,,,,,,,,,,989d4912-82a3-454e-81b6-89d515451858,1/11/22 17:17,ccber_user,1/11/22 17:17,ccber_user,,,,,,,,,,,,,,,,-119.8441382,34.40458152
281,California Gull,4,No,,,,,,,,,,,,,,,,,,,,,,df9aa19c-a31b-4b0b-9686-1f11f795e6c4,1/11/22 17:17,ccber_user,1/11/22 17:17,ccber_user,,,,,,,,,,,,,,,,-119.8440637,34.40466425
282,Brandt's Cormorant,1,No,,,,,,,,,,,,,,,,,,,,,,abc2323c-77cd-448a-95fa-82065bde0859,1/11/22 17:19,ccber_user,1/11/22 17:19,ccber_user,,,,,,,,,,,,,,,,-119.8440694,34.40463116
283,Semipalmated Plover,1,No,,,,,,,,,,,,,,,,,,,,,,12160ba2-aa4e-4ea8-92ed-77b1a6c2a675,1/11/22 17:19,ccber_user,1/11/22 17:19,ccber_user,,,,,,,,,,,,,,,,-119.8441439,34.40482775
284,Least Sandpiper,3,No,,,,,,,,,,,,,,,,,,,,,,e8edab84-5047-42c1-8098-3bf69bc0b67d,1/11/22 17:19,ccber_user,1/11/22 17:19,ccber_user,,,,,,,,,,,,,,,,-119.8441869,34.40478993
285,Whimbrel,1,No,,,,,,,,,,,,,,,,,,,,,,01cbf5f5-9bf0-4084-940e-d9a5e224b0c3,1/11/22 17:20,ccber_user,1/11/22 17:20,ccber_user,,,,,,,,,,,,,,,,-119.8444588,34.4048872
286,American Pipit,1,No,,,,,,,,,,,,,,,,,,,,,,ab22674b-871b-4ab3-a7cb-c878ad943cc9,1/11/22 17:22,ccber_user,1/11/22 17:22,ccber_user,,,,,,,,,,,,,,,,-119.8446479,34.40497702
287,Semipalmated Plover,3,No,,,,,,,,,,,,,,,,,,,,,,cb2d7896-493a-4b05-8545-426e6d3fd169,1/11/22 17:22,ccber_user,1/11/22 17:22,ccber_user,,,,,,,,,,,,,,,,-119.8446851,34.40483756
288,Willet,1,No,,,,,,,,,,,,,,,,,,,,,,1d58a770-5f2b-4405-9083-218798ffd6f3,1/11/22 17:22,ccber_user,1/11/22 17:22,ccber_user,,,,,,,,,,,,,,,,-119.8445849,34.40489902
289,Anna's Hummingbird,1,No,,,,,,,,,,,,,,,,,,,,,,e041c5cd-8a06-49f4-bfd5-60b7083a1414,1/11/22 17:25,ccber_user,1/11/22 17:25,ccber_user,,,,,,,,,,,,,,,,-119.8442397,34.40583973
290,Cassin's Kingbird,1,No,,,,,,,,,,,,,,,,,,,,,,81327320-4083-4756-9e6d-4b61993d0c4d,1/11/22 17:27,ccber_user,1/11/22 17:27,ccber_user,,,,,,,,,,,,,,,,-119.8452158,34.4061886
291,Anna's Hummingbird,2,No,,,,,,,,,,,,,,,,,,,,,,aba46bcb-d9e9-4468-a96d-1a09abb670f2,1/11/22 17:27,ccber_user,1/11/22 17:27,ccber_user,,,,,,,,,,,,,,,,-119.8452387,34.40612242
292,Yellow-rumped Warbler,1,No,,,,,,,,,,,,,,,,,,,,,,bd4257ee-9684-42a1-b4db-075f62bdf6ed,1/11/22 17:28,ccber_user,1/11/22 17:28,ccber_user,,,,,Samsung SM-T713,3.29,3.29,34.40610092,-119.8454503,-23.6,1,0.7,0.7,1,,-119.8454503,34.40610092
293,California Towhee,1,No,,,,,,,,,,,,,,,,,,,,,,656c7418-5bec-4f76-a1ed-b6520f83d0fd,1/11/22 17:28,ccber_user,1/11/22 17:28,ccber_user,,,,,,,,,,,,,,,,-119.8458518,34.40612715
294,House Wren,1,No,,,,,,,,,,,,,,,,,,,,,,f4ac557a-3c7f-4758-8321-64c6b9faf051,1/11/22 17:29,ccber_user,1/11/22 17:29,ccber_user,,,,,,,,,,,,,,,,-119.8459943,34.40622637
295,Short-billed/Long-billed Dowitcher,3,No,,,,,,,,,,,,,,,,,,,,,,4406adca-942e-46ba-9d1a-5e31f01c4772,1/11/22 17:31,ccber_user,1/11/22 17:31,ccber_user,,,,,,,,,,,,,,,,-119.8464771,34.40633281
296,Ruddy Duck,15,No,,,,,,,,,,,,,,,,,,,,,,aab4bc79-6b6c-4ee8-ae6a-03705aeb76c7,1/11/22 17:31,ccber_user,1/11/22 17:31,ccber_user,,,,,,,,,,,,,,,,-119.8462881,34.40644863
297,Brown Pelican,2,No,,,,,,,,,,,,,,,,,,,,,,a8cee34a-bd70-4c9e-9fb1-df1da435439d,1/11/22 17:31,ccber_user,1/11/22 17:31,ccber_user,,,,,,,,,,,,,,,,-119.8449416,34.40725933
298,Green-winged Teal,2,Yes,,,,,,,,,,,,,,,,,,,,,,7abfa12f-5e86-4bd8-bb6f-d4b763c0cfca,1/11/22 17:32,ccber_user,1/11/22 17:44,ccber_user,,,,,,,,,,,,,,,,-119.8456807,34.40731842
299,Yellow-rumped Warbler,1,No,,,,,,,,,,,,,,,,,,,,,,f391fc2f-4320-4dbc-a5d5-b1cbe6931d6f,1/11/22 17:33,ccber_user,1/11/22 17:33,ccber_user,,,,,Samsung SM-T713,3.29,3.29,34.40625033,-119.8472744,-32.4,1,0.7,0.7,1,,-119.8472743,34.40625033
300,American Pipit,1,No,,,,,,,,,,,,,,,,,,,,,,d78c9dd5-237e-460d-b869-5971b3664abd,1/11/22 17:34,ccber_user,1/11/22 17:34,ccber_user,,,,,,,,,,,,,,,,-119.8473796,34.40614422
301,Great Egret,1,No,Mud,,,,,Lisa conor,754,,50,0,,,,,,,,,,,,1277a84f-fb18-47d1-8d5b-63189a0d4c6f,1/11/22 15:55,ccber_user,1/11/22 15:55,ccber_user,,,,,,,,,,,,,,,,-119.848287,34.4107877
302,Long-billed Dowitcher,17,No,,,,,,,,,,,,,,,,,,,,,,7c3a6943-34e5-4a5f-881b-fa94d28238f3,1/11/22 15:56,ccber_user,1/11/22 15:56,ccber_user,,,,,,,,,,,,,,,,-119.8478645,34.41061343
303,Greater Yellowlegs,1,No,,,,,,,,,,,,,,,,,,,,,,ee7f5c94-8de0-4084-8f1a-3c21703eaf1d,1/11/22 15:56,ccber_user,1/11/22 15:56,ccber_user,,,,,Samsung SM-T713,3.29,3.76,34.41104198,-119.8484084,-43.1,1,0.7,0.8,1,,-119.8484084,34.41104198
304,Killdeer,1,No,,,,,,,,,,,,,,,,,,,,,,fffdf7ed-3829-467b-87d4-21aa67e348a3,1/11/22 15:56,ccber_user,1/11/22 15:56,ccber_user,,,,,,,,,,,,,,,,-119.8479118,34.4105859
305,American Coot,2,No,,,,,,,,,,,,,,,,,,,,,,e358b6e7-5cf5-4f04-ba84-1f64f23381f4,1/11/22 15:57,ccber_user,1/11/22 15:57,ccber_user,,,,,,,,,,,,,,,,-119.8480341,34.41078768
306,Western Sandpiper,2,No,,,,,,,,,,,,,,,,,,,,,,b19d536c-4e56-4bd2-b68f-f84b1a0c6040,1/11/22 15:57,ccber_user,1/11/22 15:57,ccber_user,,,,,,,,,,,,,,,,-119.8479702,34.41062259
307,Snowy Egret,1,No,,,,,,,,,,,,,,,,,,,,,,eadf9c60-040d-42f1-ac3e-453b80e80c16,1/11/22 15:57,ccber_user,1/11/22 15:57,ccber_user,,,,,,,,,,,,,,,,-119.8480619,34.41082208
308,Ruddy Duck,4,No,,,,,,,,,,,,,,,,,,,,,,1a15c3dd-2aaf-42aa-9e68-b3eff932a5d5,1/11/22 15:58,ccber_user,1/11/22 15:58,ccber_user,,,,,,,,,,,,,,,,-119.84869,34.41058501
309,House Finch,2,No,,,,,,,,,,,,,,,,,,,,,,c05f3885-93ae-44f2-aa0b-f5fa6588d2a9,1/11/22 15:59,ccber_user,1/11/22 15:59,ccber_user,,,,,,,,,,,,,,,,-119.8484093,34.41119495
310,Song Sparrow,1,No,,,,,,,,,,,,,,,,,,,,,,1a532e3a-11ef-4007-a5fa-602203483d38,1/11/22 15:59,ccber_user,1/11/22 15:59,ccber_user,,,,,,,,,,,,,,,,-119.8491403,34.41134628
311,Great Blue Heron,1,Yes,,,,,,,,,,,,,,,,,,,,,,6c436fa6-4b4d-437e-bd25-3364a4b48f0e,1/11/22 16:00,ccber_user,1/11/22 16:00,ccber_user,,,,,,,,,,,,,,,,-119.8490652,34.41037864
312,Red-winged Blackbird,12,No,,,,,,,,,,,,,,,,,,,,,,ffc2050c-4d51-4bf8-b30e-e4807b6f1890,1/11/22 16:00,ccber_user,1/11/22 16:00,ccber_user,,,,,,,,,,,,,,,,-119.8499296,34.4116031
313,Anna's Hummingbird,1,No,,,,,,,,,,,,,,,,,,,,,,b2840beb-a0e1-4b8d-9175-6354c8c359ef,1/11/22 16:00,ccber_user,1/11/22 16:00,ccber_user,,,,,Samsung SM-T713,3.76,4.23,34.41140878,-119.8489869,-40.9,1.2,0.8,0.9,1,,-119.8489869,34.41140878
314,Double-crested Cormorant,44,No,,,,swimming together in formation,,,,,,,,,,,,,,,,,,a09f898b-08f0-4226-a863-75651ee9ef17,1/11/22 16:02,ccber_user,1/11/22 16:02,ccber_user,,,,,,,,,,,,,,,,-119.8499713,34.4103901
315,Great Egret,2,No,,,,,,,,,,,,,,,,,,,,,,2740f69a-a535-423e-b744-9588d1c91597,1/11/22 16:02,ccber_user,1/11/22 16:02,ccber_user,,,,,,,,,,,,,,,,-119.8503715,34.41012641
316,Snowy Egret,13,No,,,,hunting together,,,,,,,,,,,,,,,,,,20576665-a7f0-4005-9ef2-9df347cb11a3,1/11/22 16:03,ccber_user,1/11/22 16:03,ccber_user,,,,,,,,,,,,,,,,-119.8504549,34.40999571
317,Redhead,9,No,,,,,,,,,,,,,,,,,,,,,,924e33aa-4cbb-4910-8e67-028574426602,1/11/22 16:03,ccber_user,1/11/22 16:03,ccber_user,,,,,,,,,,,,,,,,-119.8497879,34.41008727
318,Willet,21,No,,,,,,,,,,,,,,,,,,,,,,251d14b0-9a22-4c83-ba7b-bb46ec99045d,1/11/22 16:05,ccber_user,1/11/22 16:05,ccber_user,,,,,,,,,,,,,,,,-119.8503799,34.41104575
319,Killdeer,1,No,,,,,,,,,,,,,,,,,,,,,,f3027538-1306-4db6-ae2e-1252a8957634,1/11/22 16:05,ccber_user,1/11/22 16:05,ccber_user,,,,,,,,,,,,,,,,-119.850344,34.41111225
320,Ring-billed Gull,1,No,,,,,,,,,,,,,,,,,,,,,,4503328b-874f-48d4-8aaa-8ea5aac8d8f6,1/11/22 16:05,ccber_user,1/11/22 16:05,ccber_user,,,,,,,,,,,,,,,,-119.8504385,34.41104116
321,Black-necked Stilt,1,No,,,,,,,,,,,,,,,,,,,,,,fb0aaa96-bbf2-45e2-9445-8f1923ca0c6a,1/11/22 16:06,ccber_user,1/11/22 16:06,ccber_user,,,,,,,,,,,,,,,,-119.850458,34.41119479
322,Least Sandpiper,1,No,Air,,,,,,,,,,,,,,,,,,,,,a3aa135e-fab7-41ec-b6bd-44ffe4beeb9d,1/11/22 16:06,ccber_user,1/11/22 16:06,ccber_user,,,,,,,,,,,,,,,,-119.8502912,34.41074048
323,Least Sandpiper,7,No,,,,,,,,,,,,,,,,,,,,,,3acb7108-91ad-4a8c-b175-878cd9fe1228,1/11/22 16:06,ccber_user,1/11/22 16:06,ccber_user,,,,,,,,,,,,,,,,-119.850608,34.41104774
324,Snowy Egret,1,Yes,,,,,,,,,,,,,,,,,,,,,,2b9d9871-8ab1-4046-86ec-ed8563376cdc,1/11/22 16:06,ccber_user,1/11/22 16:06,ccber_user,,,,,,,,,,,,,,,,-119.8506914,34.41104774
325,Acorn Woodpecker,1,No,,,,,,,,,,,,,,,,,,,,,,e5f1ec8d-899f-4cff-9136-59da9120aa80,1/11/22 16:07,ccber_user,1/11/22 16:07,ccber_user,,,,,,,,,,,,,,,,-119.849916,34.41169665
326,Hooded Merganser,1,No,,,,,,,,,,,,,,,,,,,,,,3092ca1b-93da-4f7c-8ca2-f2ec281d79d1,1/11/22 16:08,ccber_user,1/11/22 16:08,ccber_user,,,,,,,,,,,,,,,,-119.8502439,34.41088952
327,Long-billed Dowitcher,3,No,,,,,,,,,,,,,,,,,,,,,,5af42b6f-7ecf-4fde-9357-5fe482078ea8,1/11/22 16:09,ccber_user,1/11/22 16:09,ccber_user,,,,,,,,,,,,,,,,-119.8504413,34.41113487
328,Ruddy Duck,2,No,,,,,,,,,,,,,,,,,,,,,,98e0e67d-3851-4874-8517-60682b670f3c,1/11/22 16:12,ccber_user,1/11/22 16:12,ccber_user,,,,,Samsung SM-T713,3.76,4.23,34.41154597,-119.8501228,-46,1.1,0.8,0.9,1,,-119.8501228,34.41154597
329,Red-breasted Merganser,1,No,,,,,,,,,,,,,,,,,,,,,,c0be5d65-f291-4fb8-94a4-06a4eabddf18,1/11/22 16:12,ccber_user,1/11/22 16:12,ccber_user,,,,,,,,,,,,,,,,-119.8501107,34.41092607
330,Black-necked Stilt,6,No,,,,,,,,,,,,,,,,,,,,,,b1141347-44a0-4319-9b2c-ddde9963ee0b,1/11/22 16:14,ccber_user,1/11/22 16:14,ccber_user,,,,,,,,,,,,,,,,-119.8502079,34.41117142
331,Yellow-rumped Warbler,3,No,,,,,,,,,,,,,,,,,,,,,,c0b834eb-fe7b-4670-887a-829d5f95ebd8,1/11/22 16:15,ccber_user,1/11/22 16:15,ccber_user,,,,,,,,,,,,,,,,-119.8507888,34.41152913
332,Black Phoebe,1,No,,,,,,,,,,,,,,,,,,,,,,29474e6c-1466-4152-a559-6b0ac2a99323,1/11/22 16:15,ccber_user,1/11/22 16:15,ccber_user,,,,,,,,,,,,,,,,-119.8509139,34.4115727
333,American Pipit,12,No,,,,,,,,,,,,,,,,,,,,,,68019124-1814-43d7-8540-e037d2fe301d,1/11/22 16:15,ccber_user,1/11/22 16:15,ccber_user,,,,,,,,,,,,,,,,-119.8507499,34.41165754
334,Say's Phoebe,1,No,,,,,,,,,,,,,,,,,,,,,,30e62556-6db1-438d-a583-7c56596fd966,1/11/22 16:17,ccber_user,1/11/22 16:17,ccber_user,,,,,,,,,,,,,,,,-119.8504553,34.41104072
335,Western Bluebird,1,No,,,,,,,,,,,,,,,,,,,,,,5a0a8bb6-f85e-4ab8-83cf-4078dff32941,1/11/22 16:17,ccber_user,1/11/22 16:17,ccber_user,,,,,,,,,,,,,,,,-119.8510279,34.41130213
336,Least Sandpiper,1,No,,,,,,,,,,,,,,,,,,,,,,48195b50-63b7-4869-955b-6131626e5aff,1/11/22 16:17,ccber_user,1/11/22 16:17,ccber_user,,,,,,,,,,,,,,,,-119.8512335,34.41116121
337,American Wigeon,2,No,,,,,,,,,,,,,,,,,,,,,,2c716f48-7776-4858-a6f4-dd4613ad1272,1/11/22 16:17,ccber_user,1/11/22 16:17,ccber_user,,,,,,,,,,,,,,,,-119.8505331,34.4107737
338,Gadwall,2,No,,,,,,,,,,,,,,,,,,,,,,72ce7f2c-1bb5-4d50-bb59-b2e5cd9bee89,1/11/22 16:17,ccber_user,1/11/22 16:17,ccber_user,,,,,,,,,,,,,,,,-119.8506304,34.41085625
339,American Wigeon,1,No,,,,,,,,,,,,,,,,,,,,,,1863b691-8a65-43c4-92d1-1524ed57e920,1/11/22 16:18,ccber_user,1/11/22 16:18,ccber_user,,,,,,,,,,,,,,,,-119.8504664,34.41081039
340,Pied-billed Grebe,1,No,,,,,,,,,,,,,,,,,,,,,,f589ed96-5e5d-4a3b-a9a6-2d477229da17,1/11/22 16:18,ccber_user,1/11/22 16:18,ccber_user,,,,,,,,,,,,,,,,-119.8503275,34.41079434
341,Dark-eyed Junco,2,No,,,,,,,,,,,,,,,,,,,,,,494bbcd0-e1f0-486e-b350-9dd20c41c12c,1/11/22 16:18,ccber_user,1/11/22 16:19,ccber_user,,,,,,,,,,,,,,,,-119.8510084,34.41151663
342,Yellow-rumped Warbler,2,No,,,,,,,,,,,,,,,,,,,,,,f489e2a4-276c-46c3-8703-317a3e53be05,1/11/22 16:20,ccber_user,1/11/22 16:20,ccber_user,,,,,,,,,,,,,,,,-119.8513002,34.41113101
343,Allen's Hummingbird,1,No,,,,,,,,,,,,,,,,,,,,,,16fe6831-1304-45a9-9a3f-23f91cec7e02,1/11/22 16:21,ccber_user,1/11/22 16:21,ccber_user,,,,,,,,,,,,,,,,-119.8511724,34.41083292
344,American Coot,2,No,,,,,,,,,,,,,,,,,,,,,,9da7f0a7-e4e7-49c0-9628-7e1fd5e8497d,1/11/22 16:22,ccber_user,1/11/22 16:22,ccber_user,,,,,,,,,,,,,,,,-119.8507861,34.41088566
345,Northern Mockingbird,1,No,,,,,,,,,,,,,,,,,,,,,,c368395f-f35c-4cf5-a123-7c78e35a56f2,1/11/22 16:23,ccber_user,1/11/22 16:23,ccber_user,,,,,,,,,,,,,,,,-119.8510371,34.41066016
346,Common Yellowthroat,1,No,,,,,,,,,,,,,,,,,,,,,,0e5d1494-428a-4b6e-ba6d-bed5f0e90a9e,1/11/22 16:26,ccber_user,1/11/22 16:26,ccber_user,,,,,,,,,,,,,,,,-119.8506096,34.4100186
347,Anna's Hummingbird,1,No,,,,,,,,,,,,,,,,,,,,,,0a3b76e5-966a-49c3-a8a3-4a5db2f36296,1/11/22 16:27,ccber_user,1/11/22 16:27,ccber_user,,,,,,,,,,,,,,,,-119.8507162,34.40981803
348,Anna's Hummingbird,1,No,,,,,,,,,,,,,,,,,,,,,,b4693ef5-7c2e-4d32-9d19-a633cd0a1afa,1/11/22 16:27,ccber_user,1/11/22 16:27,ccber_user,,,,,,,,,,,,,,,,-119.8505522,34.40990099
349,Northern Mockingbird,1,No,,,,,,,,,,,,,,,,,,,,,,79c90838-20f6-42b8-884d-f1a0a10ab741,1/11/22 16:28,ccber_user,1/11/22 16:28,ccber_user,,,,,,,,,,,,,,,,-119.8506197,34.40962028
350,Allen's Hummingbird,1,No,,,,,,,,,,,,,,,,,,,,,,997a874c-cf4a-4c81-abda-de24783db65d,1/11/22 16:29,ccber_user,1/11/22 16:29,ccber_user,,,,,,,,,,,,,,,,-119.8506078,34.40922654
351,Song Sparrow,1,No,,,,,,,,,,,,,,,,,,,,,,5730d550-6845-4f30-adfb-7c3adaaacea3,1/11/22 16:30,ccber_user,1/11/22 16:30,ccber_user,,,,,,,,,,,,,,,,-119.8507094,34.40957035
352,Allen's Hummingbird,1,No,,,,,,,,,,,,,,,,,,,,,,572fc42d-5432-4b9f-9a7b-4ff88d51b12e,1/11/22 16:32,ccber_user,1/11/22 16:32,ccber_user,,,,,,,,,,,,,,,,-119.8506037,34.40862612
353,House Finch,2,No,,,,,,,,,,,,,,,,,,,,,,8ce478f1-0089-4659-94a5-ba73dd3ba1ae,1/11/22 16:32,ccber_user,1/11/22 16:32,ccber_user,,,,,,,,,,,,,,,,-119.8506374,34.40860308
354,Yellow-rumped Warbler,5,No,,,,,,,,,,,,,,,,,,,,,,2b68ae7b-f88f-4b66-9e87-cdb5e5b8b2d7,1/11/22 16:32,ccber_user,1/11/22 16:32,ccber_user,,,,,,,,,,,,,,,,-119.8506639,34.40866872
355,Anna's Hummingbird,1,No,,,,,,,,,,,,,,,,,,,,,,b6dc6792-b07d-4348-b8ee-56dcdc73f983,1/11/22 16:33,ccber_user,1/11/22 16:33,ccber_user,,,,,,,,,,,,,,,,-119.8506166,34.40852026
356,Willet,7,No,,,,,,,,,,,,,,,,,,,,,,a340b196-c432-4702-b961-99c39445cb7e,1/11/22 16:34,ccber_user,1/11/22 16:34,ccber_user,,,,,,,,,,,,,,,,-119.849804,34.40924689
357,Eared Grebe,1,No,,,,,,,,,,,,,,,,,,,,,,60f60379-0eef-45b2-8a14-cbdd342e0bf1,1/11/22 16:39,ccber_user,1/11/22 16:39,ccber_user,,,,,,,,,,,,,,,,-119.8499276,34.4082642
358,Black Phoebe,1,No,,,,,,,,,,,,,,,,,,,,,,d1d163ae-0abe-4d66-ba2e-5c67cf233585,1/11/22 16:39,ccber_user,1/11/22 16:39,ccber_user,,,,,,,,,,,,,,,,-119.8502682,34.40813192
359,Black-bellied Plover,1,No,,,,,,,,,,,,,,,,,,,,,,7dc3f298-92df-492d-bfd8-734cf3b03e76,1/11/22 16:41,ccber_user,1/11/22 16:41,ccber_user,,,,,,,,,,,,,,,,-119.8506092,34.4074756
360,Sanderling,5,No,,,,,,,,,,,,,,,,,,,,,,76359190-2d2f-49c5-b064-55665250ad96,1/11/22 16:41,ccber_user,1/11/22 16:41,ccber_user,,,,,,,,,,,,,,,,-119.8503648,34.4074381
361,Song Sparrow,1,No,,,,,,,,,,,,,,,,,,,,,,1b8682a2-bdb2-4bca-bbdf-335747ef2418,1/11/22 16:42,ccber_user,1/11/22 16:42,ccber_user,,,,,,,,,,,,,,,,-119.8503743,34.40766156
362,Song Sparrow,1,No,,,,,,,,,,,,,,,,,,,,,,72730f4a-3ab5-4d0a-83ff-6ff1f6bcc0c2,1/11/22 16:42,ccber_user,1/11/22 16:42,ccber_user,,,,,,,,,,,,,,,,-119.8505012,34.40787252
363,American Pipit,1,No,,,,,,,,,,,,,,,,,,,,,,178be975-259b-4b11-a8d1-0072a51660a4,1/11/22 16:43,ccber_user,1/11/22 16:43,ccber_user,,,,,,,,,,,,,,,,-119.8500107,34.40748185
364,White-crowned Sparrow,2,No,,,,,,,,,,,,,,,,,,,,,,084de4a0-0372-4a58-9352-334ee4112955,1/11/22 16:44,ccber_user,1/11/22 16:44,ccber_user,,,,,,,,,,,,,,,,-119.8501035,34.40745685
365,House Finch,3,No,,,,,,,,,,,,,,,,,,,,,,5e906337-6c96-482b-b0d8-2899e68efeb6,1/11/22 16:44,ccber_user,1/11/22 16:44,ccber_user,,,,,,,,,,,,,,,,-119.8502095,34.4074756
366,Western Gull,1,No,,,,,,,,,,,,,,,,,,,,,,28048e3c-b588-422d-86b8-dc86f0b208af,1/11/22 16:45,ccber_user,1/11/22 16:45,ccber_user,,,,,,,,,,,,,,,,-119.8504709,34.40731777
367,Least Sandpiper,2,No,,,,,,,,,,,,,,,,,,,,,,1764461e-d490-4c78-a605-f3fae74848e2,1/11/22 16:45,ccber_user,1/11/22 16:45,ccber_user,,,,,,,,,,,,,,,,-119.8501906,34.40730214
368,American Pipit,1,No,,,,,,,,,,,,,,,,,,,,,,014e237d-e189-499a-a4f1-b4d0db2d2382,1/11/22 16:45,ccber_user,1/11/22 16:45,ccber_user,,,,,,,,,,,,,,,,-119.8504122,34.40741544
369,Semipalmated Plover,4,No,,,,,,,,,,,,,,,,,,,,,,42d0a53e-6a8f-4f9d-8f8f-a1b7c33c9c59,1/11/22 16:46,ccber_user,1/11/22 16:46,ccber_user,,,,,,,,,,,,,,,,-119.8506376,34.4074045
370,Sanderling,7,No,,,,,,,,,,,,,,,,,,,,,,dd814485-655d-4341-8428-9debca8c03c0,1/11/22 16:46,ccber_user,1/11/22 16:46,ccber_user,,,,,,,,,,,,,,,,-119.8507834,34.40744982
371,Black-bellied Plover,1,No,,,,,,,,,,,,,,,,,,,,,,969e2573-ac1c-47e5-bd79-d8d9d8347a30,1/11/22 16:46,ccber_user,1/11/22 16:46,ccber_user,,,,,,,,,,,,,,,,-119.8508933,34.40746701
372,California Towhee,1,No,,,,,,,,,,,,,,,,,,,,,,28d59569-2b51-4e7c-8838-a4c91288da71,1/11/22 16:47,ccber_user,1/11/22 16:47,ccber_user,,,,,,,,,,,,,,,,-119.8498591,34.40745294
373,House Finch,12,No,,,,,,,,,,,,,,,,,,,,,,e7e21de4-232e-4099-a77e-a479b168fee1,1/11/22 16:48,ccber_user,1/11/22 16:48,ccber_user,,,,,,,,,,,,,,,,-119.8494993,34.40722002
374,White-crowned Sparrow,5,No,,,,,,,,,,,,,,,,,,,,,,1aec9fe3-a8c5-4e51-8beb-d1147f37923d,1/11/22 16:48,ccber_user,1/11/22 16:48,ccber_user,,,,,,,,,,,,,,,,-119.8495551,34.407313
375,Yellow-rumped Warbler,1,No,,,,,,,,,,,,,,,,,,,,,,1114c8c3-f806-4220-9ebc-42dc138996f7,1/11/22 16:49,ccber_user,1/11/22 16:49,ccber_user,,,,,,,,,,,,,,,,-119.8494718,34.40731456
376,Say's Phoebe,1,No,,,,,,,,,,,,,,,,,,,,,,73237be0-e22a-46dd-a08d-c1e19a24a589,1/11/22 16:50,ccber_user,1/11/22 16:50,ccber_user,,,,,,,,,,,,,,,,-119.8504093,34.40795212
377,California Towhee,2,No,,,,,,,,,,,,,,,,,,,,,,ee6b3742-76d7-4a03-b0f5-96d66a9f12d9,1/11/22 16:51,ccber_user,1/11/22 16:51,ccber_user,,,,,,,,,,,,,,,,-119.8495722,34.40761541
378,Red-tailed Hawk,1,No,,,,,,,,,,,,,,,,,,,,,,518c3fc4-d49f-4834-b57c-6c1e62e64b16,1/11/22 16:52,ccber_user,1/11/22 16:52,ccber_user,,,,,,,,,,,,,,,,-119.8485641,34.4094341
379,Common Yellowthroat,1,No,,,,,,,,,,,,,,,,,,,,,,5986ec4d-6016-46bc-9339-502670e7dfc7,1/11/22 16:52,ccber_user,1/11/22 16:52,ccber_user,,,,,,,,,,,,,,,,-119.8494118,34.40819166
380,California Thrasher,1,No,,,,,,,,,,,,,,,,,,,,,,38284ad1-fb6f-4f7c-a4bc-725201c6c512,1/11/22 16:54,ccber_user,1/11/22 16:54,ccber_user,,,,,,,,,,,,,,,,-119.8487777,34.40888848
381,Anna's Hummingbird,1,No,,,,,,,,,,,,,,,,,,,,,,649eaa4b-386f-4376-a769-aa939bff9aa0,1/11/22 16:54,ccber_user,1/11/22 16:54,ccber_user,,,,,,,,,,,,,,,,-119.8492215,34.40833487
382,Song Sparrow,1,No,,,,,,,,,,,,,,,,,,,,,,7b2fa941-dac5-4ce0-b513-b236a23b6bb7,1/11/22 16:55,ccber_user,1/11/22 16:55,ccber_user,,,,,,,,,,,,,,,,-119.8493538,34.40873552
383,White-breasted Nuthatch,1,No,,,,,,,,,,,,,,,,,,,,,,e2d3ab6e-ac0b-4531-b12b-ed180c746e53,1/11/22 16:58,ccber_user,1/11/22 16:58,ccber_user,,,,,,,,,,,,,,,,-119.8492995,34.40887003
384,Yellow-rumped Warbler,1,No,,,,,,,,,,,,,,,,,,,,,,bc977400-351e-409f-abef-39cc76151398,1/11/22 16:58,ccber_user,1/11/22 16:58,ccber_user,,,,,,,,,,,,,,,,-119.8492905,34.40891955
385,Song Sparrow,1,No,,,,,,,,,,,,,,,,,,,,,,a9eca2e8-ed40-4eb2-beb6-bb4d8d622ac9,1/11/22 16:59,ccber_user,1/11/22 16:59,ccber_user,,,,,,,,,,,,,,,,-119.8493186,34.40879099
386,Allen's Hummingbird,1,No,,,,,,,,,,,,,,,,,,,,,,5c7b3194-43b6-405f-95d9-09218d81e8fa,1/11/22 16:59,ccber_user,1/11/22 16:59,ccber_user,,,,,,,,,,,,,,,,-119.8492765,34.40871144
387,Anna's Hummingbird,1,No,,,,,,,,,,,,,,,,,,,,,,3aa80ec7-7561-44ab-b6d6-4dca26f33944,1/11/22 16:59,ccber_user,1/11/22 16:59,ccber_user,,,,,,,,,,,,,,,,-119.8493697,34.40892851
388,Snowy Egret,5,No,,,,part of hunting,,,,,,,,,,,,,,,,,,6db81814-8362-4022-92a7-0bab23204a99,1/11/22 17:03,ccber_user,1/11/22 17:03,ccber_user,,,,,,,,,,,,,,,,-119.8499482,34.41120548
389,Ring-billed Gull,2,No,,,,,,,,,,,,,,,,,,,,,,1dec6180-c96e-4142-b4bf-49bb1e6b05c2,1/11/22 17:03,ccber_user,1/11/22 17:03,ccber_user,,,,,,,,,,,,,,,,-119.850152,34.41102919
390,Yellow-rumped Warbler,2,No,,,,,,,,,,,,,,,,,,,,,,e9a3987b-91dc-4771-9c66-56d1cafaa300,1/11/22 17:08,ccber_user,1/11/22 17:08,ccber_user,,,,,,,,,,,,,,,,-119.8486121,34.40860949
391,Anna's Hummingbird,1,No,,,,,,,,,,,,,,,,,,,,,,e56e94db-71c4-4323-bda7-53c2dd9312e6,1/11/22 17:15,ccber_user,1/11/22 17:15,ccber_user,,,,,,,,,,,,,,,,-119.847044,34.40780955
392,California Towhee,1,No,,,,,,,,,,,,,,,,,,,,,,dc35db68-3b8f-4e6c-8594-895dde4f6c4c,1/11/22 17:15,ccber_user,1/11/22 17:15,ccber_user,,,,,,,,,,,,,,,,-119.8471384,34.4078895
393,Double-crested Cormorant,31,No,,,,,,,,,,,,,,,,,,,,,,bf261cf9-6d95-4dd8-aa95-763e5e17ac1c,1/11/22 17:18,ccber_user,1/11/22 17:18,ccber_user,,,,,,,,,,,,,,,,-119.8460551,34.40869432
394,Black-crowned Night-Heron,1,No,,,,,,,,,,,,,,,,,,,,,,f2614603-c1aa-492b-973f-ea48465eecdc,1/11/22 17:18,ccber_user,1/11/22 17:18,ccber_user,,,,,,,,,,,,,,,,-119.8459109,34.40877632
395,Greater/Lesser Scaup,2,No,,,,,,,,,,,,,,,,,,,,,,9a580aa7-1e59-4a96-83f8-f477a3026f52,1/11/22 17:19,ccber_user,1/11/22 17:19,ccber_user,,,,,,,,,,,,,,,,-119.8461793,34.40872097
396,Greater/Lesser Scaup,19,Yes,,,,,,,,,,,,,,,,,,,,,,81eb08a1-2581-459a-a552-c742dd5051d0,1/11/22 17:20,ccber_user,1/11/22 17:20,ccber_user,,,,,,,,,,,,,,,,-119.8459755,34.40860208
397,Belted Kingfisher,1,No,,M,,,,,,,,,,,,,,,,,,,,e30ec9fb-f91e-4cc9-8ad5-c1ed9e75fad4,1/11/22 17:21,ccber_user,1/11/22 17:21,ccber_user,,,,,,,,,,,,,,,,-119.845824,34.40745318
398,Green-winged Teal,2,No,,,,,,,,,,,,,,,,,,,,,,61d04eb9-dfbc-4626-8aeb-3449698a7fc2,1/11/22 17:22,ccber_user,1/11/22 17:22,ccber_user,,,,,,,,,,,,,,,,-119.8460277,34.40713609
399,Common Yellowthroat,1,No,,,,,,,,,,,,,,,,,,,,,,042140e9-6269-46b2-a7b0-0d97ec5c252f,1/11/22 17:22,ccber_user,1/11/22 17:22,ccber_user,,,,,,,,,,,,,,,,-119.8462961,34.40723858
400,Cassin's Kingbird,1,No,,,,,,,,,,,,,,,,,,,,,,2f107322-ef0c-4a46-b931-810b490b7783,1/11/22 17:23,ccber_user,1/11/22 17:23,ccber_user,,,,,,,,,,,,,,,,-119.8463293,34.40749407
401,Yellow-rumped Warbler,1,No,,,,,,,,,,,,,,,,,,,,,,10687eeb-a20b-4faf-870a-815b63cb4033,1/11/22 17:24,ccber_user,1/11/22 17:24,ccber_user,,,,,,,,,,,,,,,,-119.8465181,34.40743257
402,Anna's Hummingbird,2,No,,,,,,,,,,,,,,,,,,,,,,005fcc9f-3255-4496-8da0-61a9f9601657,1/11/22 17:25,ccber_user,1/11/22 17:25,ccber_user,,,,,,,,,,,,,,,,-119.8469331,34.4074038
403,Black Phoebe,1,No,,,,,,,,,,,,,,,,,,,,,,be031851-5338-40be-b9bb-fb54fbd26352,1/11/22 17:26,ccber_user,1/11/22 17:26,ccber_user,,,,,,,,,,,,,,,,-119.846943,34.40688721
404,Common Yellowthroat,1,No,,,,,,,,,,,,,,,,,,,,,,9f1076ea-41ef-41f6-95ef-0c2837a1f207,1/11/22 17:28,ccber_user,1/11/22 17:28,ccber_user,,,,,,,,,,,,,,,,-119.8475393,34.40693231
405,Ruby-crowned Kinglet,1,No,,,,,,,,,,,,,,,,,,,,,,63e42d89-b9a7-4a44-8bc2-699c200656fb,1/11/22 17:28,ccber_user,1/11/22 17:28,ccber_user,,,,,,,,,,,,,,,,-119.8475219,34.4072767
406,White-crowned Sparrow,1,No,,,,,,,,,,,,,,,,,,,,,,beb70c8e-66f9-48b7-a4f8-cfb20cef3ba8,1/11/22 17:34,ccber_user,1/11/22 17:34,ccber_user,,,,,,,,,,,,,,,,-119.8491891,34.4074653
407,Common Yellowthroat,1,No,,,,,,,,,,,,,,,,,,,,,,bc620366-ad97-4d7a-b2d4-10a971f764a6,1/11/22 17:35,ccber_user,1/11/22 17:35,ccber_user,,,,,,,,,,,,,,,,-119.84905,34.40751244
408,Yellow-rumped Warbler,1,No,,,,,,,,,,,,,,,,,,,,,,ec588b65-3a7a-40ae-9a71-39f299ae6448,1/11/22 17:35,ccber_user,1/11/22 17:35,ccber_user,,,,,,,,,,,,,,,,-119.8487254,34.40800782
409,White-crowned Sparrow,2,No,,,,,,,,,,,,,,,,,,,,,,1c3b4d58-8a92-4aaa-80e4-aa64d5a218ba,1/11/22 17:35,ccber_user,1/11/22 17:35,ccber_user,,,,,,,,,,,,,,,,-119.8490434,34.40756913
410,Bushtit,12,No,,,,,,,,,,,,,,,,,,,,,,bd6407c8-c392-4eb6-aa31-60fc3f9da250,1/11/22 17:48,ccber_user,1/11/22 17:48,ccber_user,,,,,,,,,,,,,,,,-119.8504124,34.40804266
411,Townsend's Warbler,1,No,,,,,,,,10,,,,,,,65,,,,,,,def30fc3-171f-4447-b908-a9c372637544,1/11/22 17:49,ccber_user,1/11/22 17:58,ccber_user,,,,,,,,,,,,,,,,-119.8504596,34.40826816