OBJECTID,Species,Count,Repeat Observation,Substrate,Sex,Breeding Activity,Observation Notes,Water Level,Observers,Starting Time,Ending Time,Starting Temp (F),Starting % Cloud Cover,Starting Cloud Height,Starting Wind Speed,Starting Wind Direction,Starting Rain,Ending Temp (F),Ending % Cloud Cover,Ending Cloud Height,Ending Wind Speed,Ending Wind Direction,Ending Rain,Weather Note,GlobalID,Speed (km/h),Direction of travel (°),Compass reading (°),Position source type,Receiver Name,Horizontal Accuracy (m),Vertical Accuracy (m),Latitude,Longitude,Altitude,PDOP,HDOP,VDOP,Fix Type,Correction Age,Station ID,Number of Satellites,Fix Time,Average Horizontal Accuracy (m),Average Vertical Accuracy (m),Averaged Positions,Standard Deviation (m),CreationDate,Creator,EditDate,Editor,x,y
1,Bushtit,10,No,,,,,,"CB, LS",7:51,,45,0,,,,,,,,,,,,b9da1191-0562-41af-91f3-8cb55b85b5a9,,,,,,,,,,,,,,,,,,,,,,,1/29/2025 3:52:15 PM,ccber_user,1/29/2025 3:52:15 PM,ccber_user,-119.848463436433,34.410981199311
2,Least Sandpiper,3,No,,,,,,,,,,,,,,,,,,,,,,e486dc60-0081-416f-8cef-d2f83727bdc6,,,,,,,,,,,,,,,,,,,,,,,1/29/2025 3:56:35 PM,ccber_user,1/29/2025 3:56:35 PM,ccber_user,-119.848042497569,34.4106391311545
3,Killdeer,1,No,,,,,,,,,,,,,,,,,,,,,,7875e019-c7cb-4317-ad0c-76a060804562,,,,,,,,,,,,,,,,,,,,,,,1/29/2025 3:58:05 PM,ccber_user,1/29/2025 3:58:05 PM,ccber_user,-119.847985671043,34.4105877049737
4,Killdeer,2,No,,,,,,,,,,,,,,,,,,,,,,c4558415-f8dc-4a78-90b5-80363edade76,,,,,,,,,,,,,,,,,,,,,,,1/29/2025 3:58:35 PM,ccber_user,1/29/2025 3:58:35 PM,ccber_user,-119.847868860411,34.4110244062917
5,Red-winged Blackbird,20,No,,,,,,,,,,,,,,,,,,,,,,9b326575-5e1f-40e7-a55c-3f5deab6c428,,,,,,,,,,,,,,,,,,,,,,,1/29/2025 3:59:56 PM,ccber_user,1/29/2025 3:59:56 PM,ccber_user,-119.847818348143,34.411334945989
6,American Crow,2,No,,,,,,,,,,,,,,,,,,,,,,446c6f6f-f00d-4cdd-b619-72e300376609,,,,,,,,,,,,,,,,,,,,,,,1/29/2025 4:00:05 PM,ccber_user,1/29/2025 4:00:05 PM,ccber_user,-119.847820452895,34.4114148192588
7,Snowy Egret,1,No,,,,,,,,,,,,,,,,,,,,,,11ecada0-60c6-4615-97e5-4c25bc720c06,,,,,,,,,,,,,,,,,,,,,,,1/29/2025 4:00:45 PM,ccber_user,1/29/2025 4:00:45 PM,ccber_user,-119.848860086649,34.4104719629712
8,American Coot,1,No,,,,,,,,,,,,,,,,,,,,,,3cab0e03-ac15-415e-9853-56812b719011,,,,,,,,,,,,,,,,,,,,,,,1/29/2025 4:01:09 PM,ccber_user,1/29/2025 4:01:09 PM,ccber_user,-119.847944041316,34.410302820108
9,Pied-billed Grebe,2,No,,,,,,,,,,,,,,,,,,,,,,94bc7df2-20dd-4911-9b56-eb060b384ed2,,,,,,,,,,,,,,,,,,,,,,,1/29/2025 4:01:16 PM,ccber_user,1/29/2025 4:01:16 PM,ccber_user,-119.848011391606,34.4103080294459
10,Mallard,2,No,,,,,,,,,,,,,,,,,,,,,,b0179912-26fd-40cf-b881-0fc15afade95,,,,,,,,,,,,,,,,,,,,,,,1/29/2025 4:01:24 PM,ccber_user,1/29/2025 4:01:24 PM,ccber_user,-119.847868272913,34.4104816686689
11,Ruddy Duck,1,No,,,,,,,,,,,,,,,,,,,,,,ce6aedf5-4397-49ec-bd26-b016c6a25e77,,,,,,,,,,,,,,,,,,,,,,,1/29/2025 4:01:32 PM,ccber_user,1/29/2025 4:01:32 PM,ccber_user,-119.848131359815,34.4103831923961
12,Double-crested Cormorant,20,No,,,,,,,,,,,,,,,,,,,,,,8afe69db-2684-451f-a926-3f2066e30779,,,,,,,,,,,,,,,,,,,,,,,1/29/2025 4:02:15 PM,ccber_user,1/29/2025 4:02:15 PM,ccber_user,-119.848527041647,34.4103293640861
13,Snowy Egret,16,No,,,,,,,,,,,,,,,,,,,,,,e73e10dd-8641-4ae8-9a8f-f5752248b23b,,,,,,,,,,,,,,,,,,,,,,,1/29/2025 4:02:34 PM,ccber_user,1/29/2025 4:02:34 PM,ccber_user,-119.848719091573,34.4102603234897
14,Great Egret,1,No,,,,,,,,,,,,,,,,,,,,,,a755c681-6929-4fe2-9527-21944f0c55f6,,,,,,,,,,,,,,,,,,,,,,,1/29/2025 4:02:44 PM,ccber_user,1/29/2025 4:02:44 PM,ccber_user,-119.848685416428,34.4102627847531
15,Western Gull,5,No,,,,,,,,,,,,,,,,,,,,,,2fb9899f-c42b-4188-a897-1224843eda2f,,,,,,,,,,,,,,,,,,,,,,,1/29/2025 4:03:02 PM,ccber_user,1/29/2025 4:03:02 PM,ccber_user,-119.848619639088,34.4102840779021
16,Forster's Tern,6,No,,,,,,,,,,,,,,,,,,,,,,4ccb4662-d113-447a-ab7e-07150e9ca6c2,,,,,,,,,,,,,,,,,,,,,,,1/29/2025 4:03:30 PM,ccber_user,1/29/2025 4:03:30 PM,ccber_user,-119.848543870685,34.4102406682129
17,Short-billed/Long-billed Dowitcher,30,Yes,,,,,,,,,,,,,,,,,,,,,,43c079eb-aa6c-4b1d-826f-f9c3df040ccb,,,,,,,,,,,,,,,,,,,,,,,1/29/2025 4:04:04 PM,ccber_user,1/29/2025 4:04:04 PM,ccber_user,-119.847887205806,34.4103570063961
18,Long-billed Dowitcher,22,No,,,,,,Lisa Stratton Toby fowler,752,,45,0,,None,,,,,,,,,,1a3c70d0-a66d-4991-b5f1-375566acb224,,,,,,,,,,,,,,,,,,,,,,,1/29/2025 3:53:11 PM,ccber_user,1/29/2025 3:53:11 PM,ccber_user,-119.848124937759,34.4107759569546
19,Greater Yellowlegs,1,No,,,,,,,,,,,,,,,,,,,,,,d074af98-9d82-46fa-bee2-07cb691e973d,,,,,,,,,,,,,,,,,,,,,,,1/29/2025 4:06:29 PM,ccber_user,1/29/2025 4:06:29 PM,ccber_user,-119.847834510631,34.4102789975178
20,Killdeer,1,No,,,,,,,,,,,,,,,,,,,,,,e396fbac-5435-4a02-885c-c833be283812,,,,,,,,,,,,,,,,,,,,,,,1/29/2025 3:53:25 PM,ccber_user,1/29/2025 3:53:25 PM,ccber_user,-119.848271770986,34.4108510290681
21,Pied-billed Grebe,3,No,,,,,,,,,,,,,,,,,,,,,,0b585689-76b0-4f76-9f17-f680bc4543b9,,,,,,,,,,,,,,,,,,,,,,,1/29/2025 4:08:11 PM,ccber_user,1/29/2025 4:08:11 PM,ccber_user,-119.84801972348,34.4099160897848
22,Eared Grebe,2,No,,,,,,,,,,,,,,,,,,,,,,c638877c-f644-476d-a999-53a5f434c546,,,,,,,,,,,,,,,,,,,,,,,1/29/2025 3:54:40 PM,ccber_user,1/29/2025 3:54:40 PM,ccber_user,-119.84843101354,34.4103204061614
23,Red-tailed Hawk,1,No,,,,,,,,,,,,,,,,,,,,,,90c8c086-0b25-427b-b835-95e711d3611b,,,,,,,,,,,,,,,,,,,,,,,1/29/2025 4:08:23 PM,ccber_user,1/29/2025 4:08:23 PM,ccber_user,-119.847523016213,34.4100428471286
24,Ruddy Duck,2,No,,,,,,,,,,,,,,,,,,,,,,1d46e77a-af3e-4842-9b46-64dcc5317928,,,,,,,,,,,,,,,,,,,,,,,1/29/2025 3:54:52 PM,ccber_user,1/29/2025 3:54:52 PM,ccber_user,-119.848439285227,34.4100798328686
25,Brown Pelican,1,No,,,,,,,,,,,,,,,,,,,,,,cc59b2e1-9e20-45d7-8345-0425682ad3f7,,,,,,,,,,,,,,,,,,,,,,,1/29/2025 4:08:39 PM,ccber_user,1/29/2025 4:08:39 PM,ccber_user,-119.848449081355,34.4090895572906
26,Bufflehead,3,No,,,,,,,,,,,,,,,,,,,,,,367b7bb5-d423-413c-b3f8-afdb548d8829,,,,,,,,,,,,,,,,,,,,,,,1/29/2025 3:55:23 PM,ccber_user,1/29/2025 3:55:23 PM,ccber_user,-119.84876190528,34.4105149108233
27,Forster's Tern,4,No,,,,,,,,,,,,,,,,,,,,,,0c5d6f34-2e1c-4e08-866b-eb969197d4a0,,,,,,,,,,,,,,,,,,,,,,,1/29/2025 3:56:22 PM,ccber_user,1/29/2025 3:57:10 PM,ccber_user,-119.84823661362,34.4097744237701
28,Yellow-rumped Warbler,6,No,,,,,,,,,,,,,,,,,,,,,,5c126f3c-9853-4391-84c2-793af29fd584,,,,,,,,,,,,,,,,,,,,,,,1/29/2025 4:08:54 PM,ccber_user,1/29/2025 4:09:15 PM,ccber_user,-119.847456619934,34.40994487208
29,Double-crested Cormorant,14,No,,,,fishing pod,,,,,,,,,,,,,,,,,,f6d15a0e-68bf-43ed-9bb5-5f3f291b6bbc,,,,,,,,,,,,,,,,,,,,,,,1/29/2025 3:58:09 PM,ccber_user,1/29/2025 3:58:09 PM,ccber_user,-119.850000683853,34.41035964849
30,American Wigeon,3,No,,,,,,,,,,,,,,,,,,,,,,e0a50c92-54c5-4149-95b9-0e38f4fd6bb5,,,,,,,,,,,,,,,,,,,,,,,1/29/2025 4:09:32 PM,ccber_user,1/29/2025 4:09:32 PM,ccber_user,-119.847932280572,34.4096253729285
31,Ruddy Duck,2,No,,,,,,,,,,,,,,,,,,,,,,1d4fc751-1327-4470-8be0-eb19c4ee2ef6,,,,,,,,,,,,,,,,,,,,,,,1/29/2025 4:09:42 PM,ccber_user,1/29/2025 4:09:42 PM,ccber_user,-119.84814695906,34.4095750718967
32,Red-breasted Merganser,1,No,,,,,,,,,,,,,,,,,,,,,,49a1e92a-8591-407b-9f01-7ce07dfb65e9,,,,,,,,,,,,,,,,,,,,,,,1/29/2025 3:58:19 PM,ccber_user,1/29/2025 3:58:19 PM,ccber_user,-119.849936573786,34.4101259003061
33,American Coot,1,No,,,,,,,,,,,,,,,,,,,,,,e7d428f4-0033-474d-bd4f-1d03f2597050,,,,,,,,,,,,,,,,,,,,,,,1/29/2025 4:12:08 PM,ccber_user,1/29/2025 4:12:08 PM,ccber_user,-119.847604720683,34.4092537829858
34,American Crow,4,No,,,,,,,,,,,,,,,,,,,,,,bfef0792-3867-4f67-ac2a-c83cf8ddf967,,,,,,,,,,,,,,,,,,,,,,,1/29/2025 3:59:19 PM,ccber_user,1/29/2025 3:59:19 PM,ccber_user,-119.848407741784,34.4112163561833
35,Yellow-rumped Warbler,2,No,,,,,,,,,,,,,,,,,,,,,,04e8c99b-aec0-4478-a2f2-6848911fd637,,,,,,,,,,,,,,,,,,,,,,,1/29/2025 4:12:17 PM,ccber_user,1/29/2025 4:12:17 PM,ccber_user,-119.84729533012,34.4096531577675
36,Anna's Hummingbird,1,No,,,,,,,,,,,,,,,,,,,,,,00429394-a5c3-42df-8b2a-ccb048665aa5,,,,,,,,,,,,,,,,,,,,,,,1/29/2025 3:59:37 PM,ccber_user,1/29/2025 3:59:37 PM,ccber_user,-119.848285591566,34.4112034037557
37,Bufflehead,1,No,,,,,,,,,,,,,,,,,,,,,,17bfc3f8-2dcb-4c7f-8587-958c9707200e,,,,,,,,,,,,,,,,,,,,,,,1/29/2025 4:13:28 PM,ccber_user,1/29/2025 4:13:28 PM,ccber_user,-119.847820995478,34.4091425911647
38,Golden-crowned Sparrow,2,No,,,,,,,,,,,,,,,,,,,,,,7d93516a-e590-4f7f-8278-c5266b29ec10,,,,,,,,,,,,,,,,,,,,,,,1/29/2025 4:00:19 PM,ccber_user,1/29/2025 4:00:19 PM,ccber_user,-119.849236907452,34.4116589497398
39,House Finch,4,No,,,,,,,,,,,,,,,,,,,,,,afcd0ff2-176e-48bb-a2f9-7c6b4b7a4e21,,,,,,,,,,,,,,,,,,,,,,,1/29/2025 4:14:16 PM,ccber_user,1/29/2025 4:14:16 PM,ccber_user,-119.847275880696,34.4097156080318
40,Bushtit,14,No,,,,,,,,,,,,,,,,,,,,,,207dad55-cf2e-44d1-8b8a-cb77536d92e5,,,,,,,,,,,,,,,,,,,,,,,1/29/2025 4:00:45 PM,ccber_user,1/29/2025 4:00:45 PM,ccber_user,-119.849303085441,34.4117374331225
41,Eared Grebe,2,No,,,,,,,,,,,,,,,,,,,,,,e150a839-5335-4715-b95a-0d097898db9b,,,,,,,,,,,,,,,,,,,,,,,1/29/2025 4:15:00 PM,ccber_user,1/29/2025 4:16:34 PM,ccber_user,-119.847376905232,34.4091174134561
42,Song Sparrow,1,No,,,,,,,,,,,,,,,,,,,,,,1bb87cbf-4932-49fe-a9ea-deef385409cc,,,,,,,,,,,,,,,,,,,,,,,1/29/2025 4:00:55 PM,ccber_user,1/29/2025 4:00:55 PM,ccber_user,-119.848994941739,34.4116367698334
43,Double-crested Cormorant,20,No,,,,,,,,,,,,,,,,,,,,,,b8328b72-9c6d-4da8-8d33-831763591bdf,,,,,,,,,,,,,,,,,,,,,,,1/29/2025 4:15:16 PM,ccber_user,1/29/2025 4:15:16 PM,ccber_user,-119.84650121312,34.4079755305926
44,Snowy Egret,12,No,,,,,,,,,,,,,,,,,,,,,,5d4e7108-5ded-4439-9492-e186e3b1ea93,,,,,,,,,,,,,,,,,,,,,,,1/29/2025 4:01:58 PM,ccber_user,1/29/2025 4:01:58 PM,ccber_user,-119.848426690846,34.4108843488929
45,Bushtit,16,No,,,,,,,,,,,,,,,,,,,,,,5d471047-ea88-4c4c-b6a6-543d6cebdbfd,,,,,,,,,,,,,,,,,,,,,,,1/29/2025 4:15:49 PM,ccber_user,1/29/2025 4:15:49 PM,ccber_user,-119.846907558853,34.4093956840789
46,Great Egret,1,No,,,,,,,,,,,,,,,,,,,,,,0892a17b-4dcc-4f51-86d9-5b03a6819857,,,,,,,,,,,,,,,,,,,,,,,1/29/2025 4:02:13 PM,ccber_user,1/29/2025 4:02:13 PM,ccber_user,-119.848358869839,34.41080245261
47,Orange-crowned Warbler,1,No,,,,,,,,,,,,,,,,,,,,,,e9ce3a35-3aba-401e-912b-552d8970d0a8,,,,,,,,,,,,,,,,,,,,,,,1/29/2025 4:15:57 PM,ccber_user,1/29/2025 4:15:57 PM,ccber_user,-119.847002739849,34.4092712818064
48,Common Yellowthroat,1,No,,,,,,,,,,,,,,,,,,,,,,8a211886-2d52-40a9-9e8a-4aaa50dc1630,,,,,,,,,,,,,,,,,,,,,,,1/29/2025 4:03:46 PM,ccber_user,1/29/2025 4:03:46 PM,ccber_user,-119.849603853076,34.411614589921
49,Common Yellowthroat,1,No,,,,,,,,,,,,,,,,,,,,,,050c63dd-b0ae-46db-b4e2-976d329fb97a,,,,,,,,,,,,,,,,,,,,,,,1/29/2025 4:16:17 PM,ccber_user,1/29/2025 4:16:17 PM,ccber_user,-119.846926970548,34.4092018253037
50,Song Sparrow,2,No,,,,,,,,,,,,,,,,,,,,,,6e4f8735-c86e-4acb-94e4-7f5400188471,,,,,,,,,,,,,,,,,,,,,,,1/29/2025 4:03:58 PM,ccber_user,1/29/2025 4:03:58 PM,ccber_user,-119.849754823045,34.4116111778543
51,Pied-billed Grebe,2,No,,,,,,,,,,,,,,,,,,,,,,e585ee0f-ecbf-471d-9c10-650a9396fa17,,,,,,,,,,,,,,,,,,,,,,,1/29/2025 4:04:12 PM,ccber_user,1/29/2025 4:04:12 PM,ccber_user,-119.849397045626,34.4110942088635
52,Anna's Hummingbird,1,No,,,,,,,,,,,,,,,,,,,,,,87ed919e-34db-4317-acb4-2e4c2acd25dd,,,,,,,,,,,,,,,,,,,,,,,1/29/2025 4:18:00 PM,ccber_user,1/29/2025 4:18:00 PM,ccber_user,-119.846572081213,34.4093733197723
53,Ring-billed Gull,1,No,,,,,,,,,,,,,,,,,,,,,,663ba5d6-075b-4099-be58-b3b6596f594f,,,,,,,,,,,,,,,,,,,,,,,1/29/2025 4:18:17 PM,ccber_user,1/29/2025 4:18:17 PM,ccber_user,-119.846739998798,34.40836608156
54,Ring-billed Gull,7,No,,,,,,,,,,,,,,,,,,,,,,18e354a5-852f-42dd-b8cc-08c67bd1690d,,,,,,,,,,,,,,,,,,,,,,,1/29/2025 4:04:43 PM,ccber_user,1/29/2025 4:04:43 PM,ccber_user,-119.850100873855,34.4112511766152
55,Bufflehead,2,No,,,,,,,,,,,,,,,,,,,,,,d669fc96-f5b5-4d78-9a09-43ed4d99c42c,,,,,,,,,,,,,,,,,,,,,,,1/29/2025 4:18:26 PM,ccber_user,1/29/2025 4:18:26 PM,ccber_user,-119.846645396317,34.4085863459875
56,Yellow-rumped Warbler,4,No,,,,,,,,,,,,,,,,,,,,,,b5371a21-0074-4588-ae34-930b6bd2ffc5,,,,,,,,,,,,,,,,,,,,,,,1/29/2025 4:19:00 PM,ccber_user,1/29/2025 4:19:00 PM,ccber_user,-119.846594884048,34.4092930710236
57,Ruddy Duck,4,No,,,,,,,,,,,,,,,,,,,,,,a86c3e44-f0d2-4535-9a0b-ba4b1434a9f0,,,,,,,,,,,,,,,,,,,,,,,1/29/2025 4:19:29 PM,ccber_user,1/29/2025 4:19:40 PM,ccber_user,-119.846329982549,34.4086629349468
58,American Wigeon,3,No,,,,,,,,,,,,,,,,,,,,,,81d0b1ed-4c45-4c5c-bc44-b277de57fa1a,,,,,,,,,,,,,,,,,,,,,,,1/29/2025 4:20:12 PM,ccber_user,1/29/2025 4:20:12 PM,ccber_user,-119.846407855704,34.4086933081491
59,House Finch,6,No,,,,,,,,,,,,,,,,,,,,,,48d44a2b-378c-4280-b8e3-c651fd58d677,,,,,,,,,,,,,,,,,,,,,,,1/29/2025 4:20:46 PM,ccber_user,1/29/2025 4:20:46 PM,ccber_user,-119.846281574135,34.4091986080559
60,California Towhee,2,No,,,,,,,,,,,,,,,,,,,,,,63eebf39-8083-4100-ad97-b0fea093bc99,,,,,,,,,,,,,,,,,,,,,,,1/29/2025 4:21:16 PM,ccber_user,1/29/2025 4:21:16 PM,ccber_user,-119.846388913828,34.4088808425295
61,Yellow-rumped Warbler,2,No,,,,,,,,,,,,,,,,,,,,,,a7f463eb-f5ec-467c-bcdc-b89b1b1e7a6a,,,,,,,,,,,,,,,,,,,,,,,1/29/2025 4:22:05 PM,ccber_user,1/29/2025 4:22:05 PM,ccber_user,-119.846340505414,34.4092246543448
62,Red-winged Blackbird,50,No,,,,,,,,,,,,,,,,,,,,,,7be9fe33-a7e2-475c-bc28-7c86ac8087fb,,,,,,,,,,,,,,,,,,,,,,,1/29/2025 4:23:39 PM,ccber_user,1/29/2025 4:23:39 PM,ccber_user,-119.845429173542,34.4091850587056
63,Anna's Hummingbird,1,No,,,,,,,,,,,,,,,,,,,,,,852db569-d212-4077-b559-2cc6153a4dae,,,,,,,,,,,,,,,,,,,,,,,1/29/2025 4:23:50 PM,ccber_user,1/29/2025 4:23:50 PM,ccber_user,-119.845816437261,34.4090270443038
64,Allen's Hummingbird,1,No,,,,,,,,,,,,,,,,,,,,,,5d50635e-0d2f-4b72-902a-c80f7e4fb9a6,,,,,Samsung SM-T713,3.76,3.76,34.40890005,-119.845693183333,-30.1,1.1,0.8,0.8,1,,,14,1/29/2025 4:24:43 PM,,,,,1/29/2025 4:24:51 PM,ccber_user,1/29/2025 4:24:51 PM,ccber_user,-119.845693183014,34.4089000497403
65,American Coot,1,No,,,,,,,,,,,,,,,,,,,,,,182aac88-b016-419b-be79-9a96562bfe6e,,,,,,,,,,,,,,,,,,,,,,,1/29/2025 4:04:52 PM,ccber_user,1/29/2025 4:04:52 PM,ccber_user,-119.84988786264,34.4113194234041
66,Song Sparrow,1,No,,,,,,,,,,,,,,,,,,,,,,2307a823-7bda-49c1-bac3-6ab24c981bde,,,,,,,,,,,,,,,,,,,,,,,1/29/2025 4:25:09 PM,ccber_user,1/29/2025 4:25:09 PM,ccber_user,-119.845801703992,34.4089545467306
67,Ruddy Duck,1,No,,,,,,,,,,,,,,,,,,,,,,427a4731-696f-47fa-ab95-8b64c60eda56,,,,,,,,,,,,,,,,,,,,,,,1/29/2025 4:05:22 PM,ccber_user,1/29/2025 4:05:22 PM,ccber_user,-119.849817547909,34.4110344928581
68,Bushtit,4,No,,,,,,,,,,,,,,,,,,,,,,e023d9b4-dd33-4238-8dc6-1951975a101c,,,,,,,,,,,,,,,,,,,,,,,1/29/2025 4:25:45 PM,ccber_user,1/29/2025 4:25:45 PM,ccber_user,-119.845789076374,34.4091090883278
69,Cedar Waxwing,7,No,,,,,,,,,,,,,,,,,,,,,,de51d993-349b-47ef-b8f4-64f231e501a0,,,,,,,,,,,,,,,,,,,,,,,1/29/2025 4:05:51 PM,ccber_user,1/29/2025 4:05:51 PM,ccber_user,-119.849662442097,34.4121008443157
70,American Wigeon,8,No,,,,,,,,,,,,,,,,,,,,,,85a3f78a-751d-404e-9acf-dbf062a2793a,,,,,,,,,,,,,,,,,,,,,,,1/29/2025 4:06:35 PM,ccber_user,1/29/2025 4:06:35 PM,ccber_user,-119.850163226817,34.4111132021253
71,Yellow-rumped Warbler,1,No,,,,,,,,,,,,,,,,,,,,,,c261a676-9a2c-4c5e-97bc-1f7d29a7e32e,,,,,,,,,,,,,,,,,,,,,,,1/29/2025 4:26:12 PM,ccber_user,1/29/2025 4:26:12 PM,ccber_user,-119.845652271041,34.4090569956699
72,American Coot,1,No,,,,,,,,,,,,,,,,,,,,,,cc567b0b-c74a-4a13-8872-4f4185bbfa9a,,,,,,,,,,,,,,,,,,,,,,,1/29/2025 4:07:04 PM,ccber_user,1/29/2025 4:07:04 PM,ccber_user,-119.850056630929,34.4112586722256
73,Song Sparrow,1,No,,,,,,,,,,,,,,,,,,,,,,fe56d134-96a3-4743-ab2d-880ed46a235a,,,,,,,,,,,,,,,,,,,,,,,1/29/2025 4:07:26 PM,ccber_user,1/29/2025 4:07:26 PM,ccber_user,-119.849902559078,34.4114361135967
74,Scaly-breasted Munia,8,No,,,,,,,,,,,,,,,,,,,,,,9dca4d36-988e-43dd-8fb5-82855dc2e275,,,,,,,,,,,,,,,,,,,,,,,1/29/2025 4:07:37 PM,ccber_user,1/29/2025 4:07:37 PM,ccber_user,-119.850014235837,34.4114412324486
75,Greater/Lesser Scaup,12,Yes,,,,,,,,,,,,,,,,,,,,,,e35eca67-93d9-42f7-8a3d-34b01c3c472a,,,,,,,,,,,,,,,,,,,,,,,1/29/2025 4:28:21 PM,ccber_user,1/29/2025 4:28:21 PM,ccber_user,-119.845991608741,34.4086791628442
76,Least Sandpiper,1,No,,,,,,,,,,,,,,,,,,,,,,67103249-46b3-4de9-b38b-b44796c61036,,,,,,,,,,,,,,,,,,,,,,,1/29/2025 4:08:32 PM,ccber_user,1/29/2025 4:08:32 PM,ccber_user,-119.850540561457,34.4110880553955
77,Black Phoebe,1,No,,,,,,,,,,,,,,,,,,,,,,8278ac44-cadb-468e-a57e-751532cd9d61,,,,,,,,,,,,,,,,,,,,,,,1/29/2025 4:09:22 PM,ccber_user,1/29/2025 4:09:22 PM,ccber_user,-119.850701770423,34.4110487852464
78,Mallard,10,No,,,,,,,,,,,,,,,,,,,,,,ef205919-72c4-4c4a-ab9e-13d9acf87247,,,,,,,,,,,,,,,,,,,,,,,1/29/2025 4:10:47 PM,ccber_user,1/29/2025 4:10:47 PM,ccber_user,-119.850625873561,34.4110194645408
79,California Towhee,1,No,,,,,,,,,,,,,,,,,,,,,,bf751d9e-4c7d-4ad6-9728-7dd828d1eae2,,,,,,,,,,,,,,,,,,,,,,,1/29/2025 4:11:27 PM,ccber_user,1/29/2025 4:11:27 PM,ccber_user,-119.851099463583,34.4107618320121
80,Song Sparrow,1,No,,,,,,,,,,,,,,,,,,,,,,e191f388-a127-43e8-befc-c45602375055,,,,,,,,,,,,,,,,,,,,,,,1/29/2025 4:11:39 PM,ccber_user,1/29/2025 4:11:39 PM,ccber_user,-119.851031216774,34.410874439435
81,Orange-crowned Warbler,1,No,,,,,,,,,,,,,,,,,,,,,,12d2b648-fa86-437e-a330-3f6e056534a9,,,,,,,,,,,,,,,,,,,,,,,1/29/2025 4:12:22 PM,ccber_user,1/29/2025 4:12:22 PM,ccber_user,-119.851293862603,34.4108761462246
82,Yellow-rumped Warbler,3,No,,,,,,,,,,,,,,,,,,,,,,1902d824-bc01-47b5-a087-f0df66a0590c,,,,,,,,,,,,,,,,,,,,,,,1/29/2025 4:13:01 PM,ccber_user,1/29/2025 4:13:01 PM,ccber_user,-119.851266977824,34.4111303663149
83,California Gull,6,Yes,,,,,,,,,,,,,,,,,,,,,,ab89aba6-70c3-4dad-a5a2-84f2415df69c,,,,,,,,,,,,,,,,,,,,,,,1/29/2025 4:28:29 PM,ccber_user,1/29/2025 4:30:16 PM,ccber_user,-119.846063168537,34.408680899324
84,Black Phoebe,1,No,,,,,,,,,,,,,,,,,,,,,,721cb893-8900-419c-8a2b-91718d7b6a7b,,,,,,,,,,,,,,,,,,,,,,,1/29/2025 4:13:12 PM,ccber_user,1/29/2025 4:13:12 PM,ccber_user,-119.851244228887,34.4112924521185
85,American Wigeon,8,Yes,,,,,,,,,,,,,,,,,,,,,,afc1be4f-15e4-40c0-abfd-f9ed2a7460c9,,,,,,,,,,,,,,,,,,,,,,,1/29/2025 4:28:38 PM,ccber_user,1/29/2025 4:30:25 PM,ccber_user,-119.846054749526,34.408616651033
86,Ruby-crowned Kinglet,1,No,,,,,,,,,,,,,,,,,,,,,,69e1a647-617c-4f58-8d1e-ed775c96bbdc,,,,,,,,,,,,,,,,,,,,,,,1/29/2025 4:13:25 PM,ccber_user,1/29/2025 4:13:25 PM,ccber_user,-119.85123388838,34.4107652441134
87,Anna's Hummingbird,2,No,,,,,,,,,,,,,,,,,,,,,,e2571afc-0592-4025-b12a-0b59523800f8,,,,,,,,,,,,,,,,,,,,,,,1/29/2025 4:13:47 PM,ccber_user,1/29/2025 4:13:47 PM,ccber_user,-119.851362109412,34.4109512175071
88,Cassin's Kingbird,1,No,,,,,,,,,,,,,,,,,,,,,,a9b475b0-a9be-46a2-9f8e-7ca1941c32ae,,,,,,,,,,,,,,,,,,,,,,,1/29/2025 4:14:56 PM,ccber_user,1/29/2025 4:14:56 PM,ccber_user,-119.84966835391,34.4120209828176
89,Eared Grebe,1,No,,,,,,,,,,,,,,,,,,,,,,cba2a7c4-8c60-4cfb-8ef8-3dae9bd8752f,,,,,,,,,,,,,,,,,,,,,,,1/29/2025 4:17:35 PM,ccber_user,1/29/2025 4:17:35 PM,ccber_user,-119.849750521013,34.4108929458339
90,Ruddy Duck,12,Yes,,,,,,,,,,,,,,,,,,,,,,b5255905-5277-4055-ab70-2bb8613c139e,,,,,,,,,,,,,,,,,,,,,,,1/29/2025 4:29:27 PM,ccber_user,1/29/2025 4:30:07 PM,ccber_user,-119.845978980225,34.4085940775179
91,Bufflehead,1,No,,,,,,,,,,,,,,,,,,,,,,8275becd-d6a8-4ff3-9af9-0909c4bc0fd8,,,,,,,,,,,,,,,,,,,,,,,1/29/2025 4:18:10 PM,ccber_user,1/29/2025 4:18:10 PM,ccber_user,-119.850197781413,34.4106669905097
92,Pied-billed Grebe,1,No,,,,,,,,,,,,,,,,,,,,,,1e839937-1a12-4cf0-a3dd-c1c90c61d8ac,,,,,,,,,,,,,,,,,,,,,,,1/29/2025 4:18:22 PM,ccber_user,1/29/2025 4:18:22 PM,ccber_user,-119.850172964555,34.4105031966969
93,Ruddy Duck,5,No,,,,,,,,,,,,,,,,,,,,,,508bdc73-597b-4902-8c13-e573a89e77e6,,,,,,,,,,,,,,,,,,,,,,,1/29/2025 4:19:21 PM,ccber_user,1/29/2025 4:19:21 PM,ccber_user,-119.850010232046,34.410469073347
94,Allen's Hummingbird,1,No,,,,,,,,,,,,,,,,,,,,,,89f34f1f-76d0-416e-ade2-d5bce9a83824,,,,,,,,,,,,,,,,,,,,,,,1/29/2025 4:19:44 PM,ccber_user,1/29/2025 4:19:44 PM,ccber_user,-119.850657645176,34.410134660372
95,Forster's Tern,6,Yes,,,,,,,,,,,,,,,,,,,,,,e9a61fa5-06de-4424-b6b2-f3ed52585a64,,,,,,,,,,,,,,,,,,,,,,,1/29/2025 4:29:39 PM,ccber_user,1/29/2025 4:29:39 PM,ccber_user,-119.846029493392,34.4085163716026
96,Mallard,2,No,,,,,,,,,,,,,,,,,,,,,,5645c25b-5fae-49ca-92f2-8324bf9e4592,,,,,,,,,,,,,,,,,,,,,,,1/29/2025 4:20:42 PM,ccber_user,1/29/2025 4:20:42 PM,ccber_user,-119.850415680361,34.409844606841
97,Bufflehead,1,No,,,,,,,,,,,,,,,,,,,,,,94484220-e2bc-4c2c-8849-63eb26126699,,,,,,,,,,,,,,,,,,,,,,,1/29/2025 4:29:50 PM,ccber_user,1/29/2025 4:29:50 PM,ccber_user,-119.845584407813,34.4080131716742
98,Anna's Hummingbird,1,No,,,,,,,,,,,,,,,,,,,,,,e541d0f1-8846-4ecf-826e-8ca3c3440e4d,,,,,,,,,,,,,,,,,,,,,,,1/29/2025 4:21:30 PM,ccber_user,1/29/2025 4:21:30 PM,ccber_user,-119.850790002052,34.4098156014326
99,Belted Kingfisher,1,No,,,,,,,,,,,,,,,,,,,,,,4918883a-bb58-4480-b9bf-427ef18b3877,,,,,,,,,,,,,,,,,,,,,,,1/29/2025 4:31:08 PM,ccber_user,1/29/2025 4:31:08 PM,ccber_user,-119.845298169529,34.4086769624139
100,Pied-billed Grebe,3,No,,,,,,,,,,,,,,,,,,,,,,68d12524-02bc-4718-b4f5-8445fd5bf48d,,,,,,,,,,,,,,,,,,,,,,,1/29/2025 4:31:49 PM,ccber_user,1/29/2025 4:31:49 PM,ccber_user,-119.844913010563,34.408397396115
101,American Crow,2,No,,,,,,,,,,,,,,,,,,,,,,c2cb9da1-f4ea-417a-82f1-c5382ecce2fb,,,,,,,,,,,,,,,,,,,,,,,1/29/2025 4:22:31 PM,ccber_user,1/29/2025 4:22:31 PM,ccber_user,-119.850825159417,34.4104963717316
102,Eared Grebe,1,No,,,,,,,,,,,,,,,,,,,,,,eb920d26-4020-4c8e-b95d-a26cdb7d7a4e,,,,,,,,,,,,,,,,,,,,,,,1/29/2025 4:32:05 PM,ccber_user,1/29/2025 4:32:05 PM,ccber_user,-119.844967733235,34.4082393802253
103,Orange-crowned Warbler,1,No,,,,,,,,,,,,,,,,,,,,,,de2a88dc-e109-4d4e-8a59-f4e724a3f673,,,,,,,,,,,,,,,,,,,,,,,1/29/2025 4:22:45 PM,ccber_user,1/29/2025 4:22:45 PM,ccber_user,-119.850734164571,34.4099896337322
104,Bufflehead,1,No,,,,,,,,,,,,,,,,,,,,,,00393946-546e-4f07-8216-080ad9647856,,,,,,,,,,,,,,,,,,,,,,,1/29/2025 4:32:15 PM,ccber_user,1/29/2025 4:32:15 PM,ccber_user,-119.84509822431,34.4082800605981
105,Bufflehead,1,No,,,,,,,,,,,,,,,,,,,,,,e36de668-f8f7-4b3e-a4eb-4826a8fb8314,,,,,,,,,,,,,,,,,,,,,,,1/29/2025 4:24:00 PM,ccber_user,1/29/2025 4:24:00 PM,ccber_user,-119.849743555476,34.4094129375562
106,Mallard,2,No,,,,,,,,,,,,,,,,,,,,,,be332740-67b3-4ba8-a575-1390b974f257,,,,,,,,,,,,,,,,,,,,,,,1/29/2025 4:32:22 PM,ccber_user,1/29/2025 4:32:22 PM,ccber_user,-119.845049815896,34.4084241852731
107,Ruddy Duck,2,No,,,,,,,,,,,,,,,,,,,,,,d7b7e806-9140-40fb-ab4f-a11c93321f0c,,,,,,,,,,,,,,,,,,,,,,,1/29/2025 4:24:09 PM,ccber_user,1/29/2025 4:24:09 PM,ccber_user,-119.849743555476,34.4091945429545
108,Eared Grebe,1,No,,,,,,,,,,,,,,,,,,,,,,f33b96d1-17b4-4317-bbbe-916a780a1c91,,,,,,,,,,,,,,,,,,,,,,,1/29/2025 4:32:36 PM,ccber_user,1/29/2025 4:32:36 PM,ccber_user,-119.845028769267,34.4080699512142
109,Pied-billed Grebe,6,No,,,,,,,,,,,,,,,,,,,,,,77e2fa7a-ef57-46f2-8cb7-6602fa64e61c,,,,,,,,,,,,,,,,,,,,,,,1/29/2025 4:26:41 PM,ccber_user,1/29/2025 4:26:41 PM,ccber_user,-119.850014473891,34.408769695422
110,Mallard,2,No,,,,,,,,,,,,,,,,,,,,,,5d0c1768-9cb0-44ad-98bd-2787b7a82fbf,,,,,,,,,,,,,,,,,,,,,,,1/29/2025 4:34:19 PM,ccber_user,1/29/2025 4:34:19 PM,ccber_user,-119.845014035998,34.4085283713448
111,Bushtit,8,No,,,,,,,,,,,,,,,,,,,,,,93e10949-0111-4f7d-b361-1ea3af273231,,,,,,,,,,,,,,,,,,,,,,,1/29/2025 4:27:33 PM,ccber_user,1/29/2025 4:27:33 PM,ccber_user,-119.850693552635,34.4084878089335
112,Common Yellowthroat,1,No,,,,,,,,,,,,,,,,,,,,,,4ab12b14-657f-4fea-af05-5dd9328a488a,,,,,,,,,,,,,,,,,,,,,,,1/29/2025 4:28:03 PM,ccber_user,1/29/2025 4:28:03 PM,ccber_user,-119.850581876774,34.4083052422645
113,Song Sparrow,1,No,,,,,,,,,,,,,,,,,,,,,,52de8d28-fca9-4958-9070-4e5379a35176,,,,,,,,,,,,,,,,,,,,,,,1/29/2025 4:31:21 PM,ccber_user,1/29/2025 4:31:21 PM,ccber_user,-119.850073129387,34.4077268283634
114,Black Phoebe,1,No,,,,,,,,,,,,,,,,,,,,,,2d8fae2f-3bda-43bb-ac1f-2cf150f7dd94,,,,,,,,,,,,,,,,,,,,,,,1/29/2025 4:31:55 PM,ccber_user,1/29/2025 4:31:55 PM,ccber_user,-119.849975929877,34.407505870184
115,Great Blue Heron,1,Yes,,,,,,,,,,,,,,,,,,,,,,b46e4b5b-7bef-47cf-bdf8-81bcab67bea9,,,,,,,,,,,,,,,,,,,,,,,1/29/2025 4:34:52 PM,ccber_user,1/29/2025 4:34:52 PM,ccber_user,-119.845984300048,34.4087745780151
116,House Wren,1,No,,,,,,,,,,,,,,,,,,,,,,59f791a3-c6e9-4761-b3a0-bc925a5f75c9,,,,,,,,,,,,,,,,,,,,,,,1/29/2025 4:33:03 PM,ccber_user,1/29/2025 4:33:03 PM,ccber_user,-119.850482608443,34.4076713759797
117,House Finch,2,No,,,,,,,,,,,,,,,,,,,,,,8ac09797-3ad9-4c57-9be2-5acb525318d9,,,,,,,,,,,,,,,,,,,,,,,1/29/2025 4:33:46 PM,ccber_user,1/29/2025 4:33:46 PM,ccber_user,-119.850681144206,34.4078402936685
118,Common Yellowthroat,1,No,,,,,,,,,,,,,,,,,,,,,,263f7063-d19f-4b3f-8fed-43ed5e1bf458,,,,,,,,,,,,,,,,,,,,,,,1/29/2025 4:35:09 PM,ccber_user,1/29/2025 4:35:09 PM,ccber_user,-119.845176097465,34.4086148263569
119,California Towhee,1,No,,,,,,,,,,,,,,,,,,,,,,88e953ef-f51e-48dc-9a66-e8b383210af2,,,,,,,,,,,,,,,,,,,,,,,1/29/2025 4:34:26 PM,ccber_user,1/29/2025 4:34:26 PM,ccber_user,-119.850449519,34.407710619551
120,Red-winged Blackbird,12,No,,,,,,,,,,,,,,,,,,,,,,8f1c2a90-3b21-4d1a-bd99-2474c6949e4d,,,,,,,,,,,,,,,,,,,,,,,1/29/2025 4:36:16 PM,ccber_user,1/29/2025 4:36:16 PM,ccber_user,-119.844648824122,34.4087625634855
121,Anna's Hummingbird,1,No,,,,,,,,,,,,,,,,,,,,,,7b5ba65b-1041-456c-9b93-5955b15eac4b,,,,,,,,,,,,,,,,,,,,,,,1/29/2025 4:37:03 PM,ccber_user,1/29/2025 4:37:03 PM,ccber_user,-119.844545693935,34.4087004586198
122,Allen's Hummingbird,1,No,,,,,,,,,,,,,,,,,,,,,,922b92d4-7468-4c44-87d4-57166fc1bac1,,,,,,,,,,,,,,,,,,,,,,,1/29/2025 4:37:40 PM,ccber_user,1/29/2025 4:37:40 PM,ccber_user,-119.844545693935,34.4087508150216
123,Whimbrel,1,No,,,,high tide,,,,,,,,,,,,,,,,,,2b4217d3-a58d-4659-b253-eb34cf3511cf,,,,,,,,,,,,,,,,,,,,,,,1/29/2025 4:35:25 PM,ccber_user,1/29/2025 4:35:25 PM,ccber_user,-119.850095878324,34.4073241107048
124,American Crow,2,No,,,,,,,,,,,,,,,,,,,,,,9e8af9e0-ea94-466e-9776-ed21a5321672,,,,,,,,,,,,,,,,,,,,,,,1/29/2025 4:38:00 PM,ccber_user,1/29/2025 4:38:38 PM,ccber_user,-119.844503599779,34.4087560244561
125,House Finch,1,No,,,,,,,,,,,,,,,,,,,,,,a59250c1-e9b7-478a-bdbc-75bcc61eec77,,,,,,,,,,,,,,,,,,,,,,,1/29/2025 4:38:16 PM,ccber_user,1/29/2025 4:38:16 PM,ccber_user,-119.849506990434,34.4076039451792
126,Red-winged Blackbird,10,No,,,,,,,,,,,,,,,,,,,,,,39e37028-9a11-4b8a-8f9e-4ac32c474a04,,,,,,,,,,,,,,,,,,,,,,,1/29/2025 4:38:18 PM,ccber_user,1/29/2025 4:38:18 PM,ccber_user,-119.844734251211,34.4087966764146
127,Song Sparrow,1,No,,,,,,,,,,,,,,,,,,,,,,9cc3bd28-4ee7-4d37-8d7a-f149e0e7b111,,,,,,,,,,,,,,,,,,,,,,,1/29/2025 4:38:25 PM,ccber_user,1/29/2025 4:38:25 PM,ccber_user,-119.84448800233,34.4086004594391
128,Greater/Lesser Scaup,3,No,,,,,,,,,,,,,,,,,,,,,,4dd4074f-d07f-4840-999c-c86983ccb8e3,,,,,,,,,,,,,,,,,,,,,,,1/29/2025 4:40:02 PM,ccber_user,1/29/2025 4:40:02 PM,ccber_user,-119.844241442633,34.4083642346442
129,American Wigeon,4,No,,,,,,,,,,,,,,,,,,,,,,91a84764-8621-4ccd-aed1-90c72b6c1013,,,,,,,,,,,,,,,,,,,,,,,1/29/2025 4:40:14 PM,ccber_user,1/29/2025 4:40:14 PM,ccber_user,-119.844159359972,34.4082652578333
130,Belted Kingfisher,1,No,,M,,,,,,,,,,,,,,,,,,,,c5e4c8f9-1de9-41a7-8fc1-a57b9b614d88,,,,,,,,,,,,,,,,,,,,,,,1/29/2025 4:39:56 PM,ccber_user,1/29/2025 4:39:56 PM,ccber_user,-119.849526636589,34.4086916687583
131,Mallard,2,No,,,,,,,,,,,,,,,,,,,,,,d47b01a4-d663-4ab2-9631-b0df442ff676,,,,,,,,,,,,,,,,,,,,,,,1/29/2025 4:40:26 PM,ccber_user,1/29/2025 4:40:26 PM,ccber_user,-119.844092009682,34.4082808854855
132,Common Yellowthroat,1,No,,,,,,,,,,,,,,,,,,,,,,f078a82a-7c7a-4d8e-9810-f6844b1ea2c6,,,,,,,,,,,,,,,,,,,,,,,1/29/2025 4:41:21 PM,ccber_user,1/29/2025 4:41:21 PM,ccber_user,-119.849375666621,34.4079733464488
133,Ruddy Duck,2,No,,,,,,,,,,,,,,,,,,,,,,9a56a9c9-27ed-45d6-a424-1d084823d558,,,,,,,,,,,,,,,,,,,,,,,1/29/2025 4:40:44 PM,ccber_user,1/29/2025 4:40:44 PM,ccber_user,-119.844344572821,34.408362498158
134,Anna's Hummingbird,1,No,,,,,,,,,,,,,,,,,,,,,,71c038ba-2f9f-4355-896c-dbbdfd91eee6,,,,,,,,,,,,,,,,,,,,,,,1/29/2025 4:41:31 PM,ccber_user,1/29/2025 4:41:31 PM,ccber_user,-119.848927927419,34.4083674860164
135,Common Yellowthroat,1,No,,,,,,,,,,,,,,,,,,,,,,fb615759-7414-494b-8016-9fa2fcbfcc30,,,,,,,,,,,,,,,,,,,,,,,1/29/2025 4:42:12 PM,ccber_user,1/29/2025 4:42:12 PM,ccber_user,-119.848919655732,34.4084459724875
136,Orange-crowned Warbler,1,No,,,,,,,,,,,,,,,,,,,,,,9a43e16b-41ea-4d6d-ae66-f2f78697ad34,,,,,,,,,,,,,,,,,,,,,,,1/29/2025 4:45:35 PM,ccber_user,1/29/2025 4:45:35 PM,ccber_user,-119.849085102051,34.4089578388422
137,Ruby-crowned Kinglet,1,No,,,,,,,,,,,,,,,,,,,,,,7c167f40-545c-4a10-a126-1030dbf30b94,,,,,,,,,,,,,,,,,,,,,,,1/29/2025 4:43:14 PM,ccber_user,1/29/2025 4:43:14 PM,ccber_user,-119.843864702677,34.4085502370925
138,Yellow-rumped Warbler,1,No,,,,,,,,,,,,,,,,,,,,,,4ef87ded-5f97-40c8-8684-5492f6ec6ffc,,,,,,,,,,,,,,,,,,,,,,,1/29/2025 4:45:55 PM,ccber_user,1/29/2025 4:45:55 PM,ccber_user,-119.849333270631,34.4092001214445
139,Blue-gray Gnatcatcher,1,No,,,,,,,,,,,,,,,,,,,,,,5a5bc902-5f00-47a7-ac26-938d611e7191,,,,,,,,,,,,,,,,,,,,,,,1/29/2025 4:43:23 PM,ccber_user,1/29/2025 4:43:23 PM,ccber_user,-119.843788933376,34.4086978335196
140,House Finch,1,No,,,,,,,,,,,,,,,,,,,,,,7709ba4b-3eba-4301-893a-4596756f5457,,,,,,,,,,,,,,,,,,,,,,,1/29/2025 4:46:07 PM,ccber_user,1/29/2025 4:46:07 PM,ccber_user,-119.849356019567,34.4093519737712
141,Anna's Hummingbird,1,No,,,,,,,,,,,,,,,,,,,,,,76882b6a-b51e-4b1b-b6be-655e968ff5cc,,,,,,,,,,,,,,,,,,,,,,,1/29/2025 4:48:18 PM,ccber_user,1/29/2025 4:48:18 PM,ccber_user,-119.849269160564,34.4099883871623
142,Bewick's Wren,1,No,,,,,,,,,,,,,,,,,,,,,,fe95d1e2-6371-4a1f-aefc-5b1080bb6532,,,,,,,,,,,,,,,,,,,,,,,1/29/2025 4:49:44 PM,ccber_user,1/29/2025 4:49:44 PM,ccber_user,-119.850623751741,34.4103381567399
143,Anna's Hummingbird,1,No,,,,,,,,,,,,,,,,,,,,,,1e95189b-f1cf-44c1-8399-7f461123f62c,,,,,,,,,,,,,,,,,,,,,,,1/29/2025 4:50:47 PM,ccber_user,1/29/2025 4:50:47 PM,ccber_user,-119.848950676355,34.4101368259313
144,Bushtit,12,Yes,,,,,,,,,,,,,,,,,,,,,,89ea7f67-6369-4e45-abbc-45a61217ac25,,,,,,,,,,,,,,,,,,,,,,,1/29/2025 4:43:59 PM,ccber_user,1/29/2025 4:43:59 PM,ccber_user,-119.843864702677,34.4086926240814
145,White-crowned Sparrow,1,No,,,,,,,,,,,,,,,,,,,,,,675ffee9-31ba-4705-91d8-90a676290aad,,,,,,,,,,,,,,,,,,,,,,,1/29/2025 4:52:06 PM,ccber_user,1/29/2025 4:52:06 PM,ccber_user,-119.848857612688,34.4100565994077
146,Allen's Hummingbird,1,No,,,,,,,,,,,,,,,,,,,,,,26ebd338-8284-4808-8297-cf2818833328,,,,,,,,,,,,,,,,,,,,,,,1/29/2025 4:44:11 PM,ccber_user,1/29/2025 4:44:11 PM,ccber_user,-119.843692117447,34.4087724998744
147,Anna's Hummingbird,1,No,,,,,,,,,,,,,,,,,,,,,,627b0908-6509-42f1-a971-a5f718723247,,,,,,,,,,,,,,,,,,,,,,,1/29/2025 4:52:19 PM,ccber_user,1/29/2025 4:52:19 PM,ccber_user,-119.848836932572,34.4101948009414
148,Townsend's Warbler,1,No,,,,,,,,,,,,,,,,,,,,,,b3332228-2ab2-40c1-ab38-94a66d9a26c7,,,,,,,,,,,,,,,,,,,,,,,1/29/2025 4:45:38 PM,ccber_user,1/29/2025 4:45:38 PM,ccber_user,-119.843877331193,34.4086457406055
149,California Towhee,1,No,,,,,,,,,,,,,,,,,,,,,,e8f20e2d-caf3-47cf-bdce-a83c2225de15,,,,,,,,,,,,,,,,,,,,,,,1/29/2025 4:52:34 PM,ccber_user,1/29/2025 4:52:34 PM,ccber_user,-119.848774889529,34.4099132787006
150,Ruby-crowned Kinglet,1,No,,,,,,,,,,,,,,,,,,,,,,c8f0d0e7-8171-45a9-9bfe-c24f104a3675,,,,,,,,,,,,,,,,,,,,,,,1/29/2025 4:45:47 PM,ccber_user,1/29/2025 4:45:47 PM,ccber_user,-119.843748944871,34.4087429804879
151,Song Sparrow,1,No,,,,,,,,,,,,,,,,,,,,,,c79a9891-ed3d-4ac1-b7d1-e6d59b474712,,,,,,,,,,,,,,,,,,,,,,,1/29/2025 4:52:58 PM,ccber_user,1/29/2025 4:52:58 PM,ccber_user,-119.848745936827,34.4100497744059
152,White-crowned Sparrow,12,No,,,,,,,,,,,,,,,,,,,,,,0a418bc7-152e-425f-a610-804d46aefac9,,,,,,,,,,,,,,,,,,,,,,,1/29/2025 4:47:07 PM,ccber_user,1/29/2025 4:49:35 PM,ccber_user,-119.843875226441,34.4083245000049
153,Red-tailed Hawk,1,Yes,,,,,,,,,,,,,,,,,,,,,,cea0bd49-e782-4498-aa97-2a57481703c8,,,,,,,,,,,,,,,,,,,,,,,1/29/2025 4:54:02 PM,ccber_user,1/29/2025 4:54:02 PM,ccber_user,-119.847537706363,34.4100917056545
154,California Towhee,1,No,,,,,,,,,,,,,,,,,,,,,,f4da5582-60ba-4698-b911-75d628854371,,,,,,,,,,,,,,,,,,,,,,,1/29/2025 4:47:17 PM,ccber_user,1/29/2025 4:47:17 PM,ccber_user,-119.843722635912,34.4081933992033
155,California Scrub-Jay,1,No,,,,,,,,,,,,,,,,,,,,,,7b71c95f-c572-4ebd-9a08-8a028c601710,,,,,,,,,,,,,,,,,,,,,,,1/29/2025 4:56:35 PM,ccber_user,1/29/2025 4:56:35 PM,ccber_user,-119.848639917657,34.4091088785876
156,Song Sparrow,2,No,,,,,,,,,,,,,,,,,,,,,,497d6720-6d2e-4dff-9ee5-91802395ea52,,,,,,,,,,,,,,,,,,,,,,,1/29/2025 4:47:35 PM,ccber_user,1/29/2025 4:47:35 PM,ccber_user,-119.843853126986,34.4083288408519
157,Common Yellowthroat,1,No,,,,,,,,,,,,,,,,,,,,,,f610efbc-b97f-459b-8818-5c4cfb5e4806,,,,,,,,,,,,,,,,,,,,,,,1/29/2025 4:59:40 PM,ccber_user,1/29/2025 4:59:40 PM,ccber_user,-119.848516180117,34.4090296167733
158,Yellow-rumped Warbler,2,No,,,,,,,,,,,,,,,,,,,,,,70e04f9a-d026-467f-86d2-bf14e4782fad,,,,,,,,,,,,,,,,,,,,,,,1/29/2025 5:01:18 PM,ccber_user,1/29/2025 5:01:18 PM,ccber_user,-119.84797269398,34.4084080484861
159,House Finch,2,No,,,,,,,,,,,,,,,,,,,,,,5a728ef8-8763-4767-96e2-2eed82e45ba3,,,,,Samsung SM-T713,3.29,3.76,34.40824385,-119.843722983333,-27.4,1.1,0.7,0.8,1,,,14,1/29/2025 4:50:14 PM,,,,,1/29/2025 4:50:25 PM,ccber_user,1/29/2025 4:50:25 PM,ccber_user,-119.84372298356,34.408243850035
160,Ruby-crowned Kinglet,1,No,,,,,,,,,,,,,,,,,,,,,,23f8835b-5c13-457d-b055-a1fe4cc0c17a,,,,,,,,,,,,,,,,,,,,,,,1/29/2025 5:01:57 PM,ccber_user,1/29/2025 5:01:57 PM,ccber_user,-119.847779337903,34.4082470865891
161,White-crowned Sparrow,1,No,,,,,,,,,,,,,,,,,,,,,,59fb6407-944e-475d-95e4-5139beffff0f,,,,,,,,,,,,,,,,,,,,,,,1/29/2025 4:50:34 PM,ccber_user,1/29/2025 4:50:34 PM,ccber_user,-119.843771043427,34.4081599641711
162,Bufflehead,2,No,,,,,,,,,,,,,,,,,,,,,,6461016e-db62-4eb3-b737-cb7028ca6c7a,,,,,,,,,,,,,,,,,,,,,,,1/29/2025 4:51:12 PM,ccber_user,1/29/2025 4:51:12 PM,ccber_user,-119.844262926741,34.4079371565049
163,Anna's Hummingbird,1,No,,,,,,,,,,,,,,,,,,,,,,a751c054-2bf4-4b02-8a7f-5b5c041b54a3,,,,,,,,,,,,,,,,,,,,,,,1/29/2025 5:02:11 PM,ccber_user,1/29/2025 5:02:11 PM,ccber_user,-119.847878628692,34.4080516324406
164,Anna's Hummingbird,1,No,,,,,,,,,,,,,,,,,,,,,,5b4cbbdc-1c9d-41a7-bf48-be9a5ab77c7d,,,,,,,,,,,,,,,,,,,,,,,1/29/2025 4:52:51 PM,ccber_user,1/29/2025 4:52:51 PM,ccber_user,-119.843892501044,34.4076575877335
165,Double-crested Cormorant,50,No,,,,near San nic,,,,,,,,,,,,,,,,,,b5cc393d-65ce-4da2-88eb-11a54d578a7d,,,,,,,,,,,,,,,,,,,,,,,1/29/2025 5:04:18 PM,ccber_user,1/29/2025 5:04:18 PM,ccber_user,-119.845881022536,34.4088073976604
166,California Towhee,2,No,,,,,,,,,,,,,,,,,,,,,,66658265-9120-4762-beae-373222ab3a06,,,,,,,,,,,,,,,,,,,,,,,1/29/2025 4:53:01 PM,ccber_user,1/29/2025 4:53:01 PM,ccber_user,-119.843837778372,34.4075603465894
167,Yellow-rumped Warbler,3,No,,,,,,,,,,,,,,,,,,,,,,6425220f-421b-487c-9b42-c42356f00b54,,,,,,,,,,,,,,,,,,,,,,,1/29/2025 5:04:46 PM,ccber_user,1/29/2025 5:04:46 PM,ccber_user,-119.847695724513,34.4082054086266
168,Nuttall's Woodpecker,1,No,,,,,,,,,,,,,,,,,,,,,,074e959d-1cd9-4df6-b692-6d8fb5f9f6c4,,,,,,,,,,,,,,,,,,,,,,,1/29/2025 5:05:50 PM,ccber_user,1/29/2025 5:05:50 PM,ccber_user,-119.847559125793,34.4081305083065
169,Dark-eyed Junco,2,No,,,,,,,,,,,,,,,,,,,,,,979590e6-dd1c-4960-a0a9-a13c8ab2a1ca,,,,,,,,,,,,,,,,,,,,,,,1/29/2025 4:53:23 PM,ccber_user,1/29/2025 4:53:23 PM,ccber_user,-119.84363687465,34.4076601150353
170,Allen's Hummingbird,1,No,,,,,,,,,,,,,,,,,,,,,,eca90d9f-f1b5-43d8-aee5-c964724f694b,,,,,,,,,,,,,,,,,,,,,,,1/29/2025 5:06:09 PM,ccber_user,1/29/2025 5:06:09 PM,ccber_user,-119.847700223276,34.407904873105
171,Bufflehead,4,No,,,,,,,,,,,,,,,,,,,,,,d429127a-d5a4-443a-8b95-87d8197aab53,,,,,,,,,,,,,,,,,,,,,,,1/29/2025 4:53:44 PM,ccber_user,1/29/2025 4:53:44 PM,ccber_user,-119.844021426355,34.4073113955827
172,Black Phoebe,1,No,,,,,,,,,,,,,,,,,,,,,,ec534dbc-f347-49d1-99c3-a19f10e2c252,,,,,,,,,,,,,,,,,,,,,,,1/29/2025 4:55:27 PM,ccber_user,1/29/2025 4:55:27 PM,ccber_user,-119.84324900367,34.407047453344
173,Greater Yellowlegs,1,No,,,,,,,,,,,,,,,,,,,,,,474617ce-f113-4e77-814c-77a7d1489f07,,,,,,,,,,,,,,,,,,,,,,,1/29/2025 4:55:36 PM,ccber_user,1/29/2025 4:55:36 PM,ccber_user,-119.843566812346,34.4068078207948
174,Anna's Hummingbird,2,No,,,,,,,,,,,,,,,,,,,,,,8f0586de-47a2-4b57-9daf-226b4645ac3f,,,,,Samsung SM-T713,3.29,3.29,34.40799845,-119.847423633333,-20.8,1,0.7,0.7,1,,,16,1/29/2025 5:06:09 PM,,,,,1/29/2025 5:06:19 PM,ccber_user,1/29/2025 5:06:19 PM,ccber_user,-119.847423632898,34.4079984496465
175,California Scrub-Jay,1,No,,,,,,,,,,,,,,,,,,,,,,57d7674c-2195-410e-9489-02a2519430d7,,,,,,,,,,,,,,,,,,,,,,,1/29/2025 5:07:38 PM,ccber_user,1/29/2025 5:07:38 PM,ccber_user,-119.847193317436,34.4081161361176
176,Golden-crowned Sparrow,1,No,,,,,,,,,,,,,,,,,,,,,,069dd816-18fe-4628-970e-2cf7e6aacfbb,,,,,,,,,,,,,,,,,,,,,,,1/29/2025 5:09:48 PM,ccber_user,1/29/2025 5:09:48 PM,ccber_user,-119.846392022898,34.4076145650411
177,Lesser Scaup,6,No,,,,,,,,,,,,,,,,,,,,,,ceb3ff8e-a58d-4693-8d40-f81ef1b52a61,,,,,,,,,,,,,,,,,,,,,,,1/29/2025 5:11:27 PM,ccber_user,1/29/2025 5:11:27 PM,ccber_user,-119.845822406566,34.4087484856357
178,Willet,1,No,,,,,,,,,,,,,,,,,,,,,,60e74a9f-99b5-45fc-88ab-1697752ce82f,,,,,,,,,,,,,,,,,,,,,,,1/29/2025 4:55:57 PM,ccber_user,1/29/2025 4:55:57 PM,ccber_user,-119.843337400589,34.406819976424
179,Great Blue Heron,1,No,,,,,,,,,,,,,,,,,,,,,,dd2c4ba7-ee77-4c65-abbd-090c2b08ecf7,,,,,,,,,,,,,,,,,,,,,,,1/29/2025 5:11:40 PM,ccber_user,1/29/2025 5:11:40 PM,ccber_user,-119.845733989884,34.4088078453053
180,Black-bellied Plover,1,No,,,,,,,,,,,,,,,,,,,,,,f5c0082a-5e1c-48b7-89d8-c913622ee7a0,,,,,,,,,,,,,,,,,,,,,,,1/29/2025 4:56:06 PM,ccber_user,1/29/2025 4:56:06 PM,ccber_user,-119.843370316657,34.4069074263438
181,Yellow-rumped Warbler,4,No,,,,,,,,,,,,,,,,,,,,,,1a183c2b-cb67-4dc2-86cc-fdddf614f440,,,,,,,,,,,,,,,,,,,,,,,1/29/2025 5:12:18 PM,ccber_user,1/29/2025 5:13:02 PM,ccber_user,-119.846389467191,34.4078390982054
182,White-crowned Sparrow,1,No,,,,,,,,,,,,,,,,,,,,,,1747e9ac-8a66-4ac8-a4bf-811d2006a43e,,,,,,,,,,,,,,,,,,,,,,,1/29/2025 5:14:12 PM,ccber_user,1/29/2025 5:14:12 PM,ccber_user,-119.846161272651,34.4076048397409
183,Least Sandpiper,4,No,,,,,,,,,,,,,,,,,,,,,,4e33bdd7-0023-4c50-aa3f-89e7a61951f6,,,,,,,,,,,,,,,,,,,,,,,1/29/2025 4:57:26 PM,ccber_user,1/29/2025 4:57:26 PM,ccber_user,-119.843102114748,34.4069550578737
184,Anna's Hummingbird,3,No,,,,,,,,,,,,,,,,,,,,,,be4efc18-879d-4632-9b1f-d53a98eb116d,,,,,,,,,,,,,,,,,,,,,,,1/29/2025 5:16:01 PM,ccber_user,1/29/2025 5:16:29 PM,ccber_user,-119.846018433334,34.4076019655817
185,American Pipit,1,No,,,,,,,,,,,,,,,,,,,,,,9c4fc0b4-7450-4644-835d-e086d1fc1945,,,,,,,,,,,,,,,,,,,,,,,1/29/2025 4:57:35 PM,ccber_user,1/29/2025 4:57:35 PM,ccber_user,-119.84320103543,34.4069255378459
186,Common Yellowthroat,1,No,,,,,,,,,,,,,,,,,,,,,,df7aa9d0-118c-4e2a-a69a-0de077c50b83,,,,,,,,,,,,,,,,,,,,,,,1/29/2025 5:17:11 PM,ccber_user,1/29/2025 5:17:11 PM,ccber_user,-119.846723006266,34.4075249695033
187,Common Yellowthroat,1,No,,,,,,,,,,,,,,,,,,,,,,490675dc-bae5-4769-a25c-67e49bb688c4,,,,,,,,,,,,,,,,,,,,,,,1/29/2025 5:18:31 PM,ccber_user,1/29/2025 5:18:31 PM,ccber_user,-119.846891974879,34.407260529146
188,Anna's Hummingbird,1,No,,,,,,,,,,,,,,,,,,,,,,5117999e-ea2e-4414-a1d4-4d8db9072e89,,,,,,,,,,,,,,,,,,,,,,,1/29/2025 5:20:12 PM,ccber_user,1/29/2025 5:20:12 PM,ccber_user,-119.847101008354,34.4074631705532
189,Loggerhead Shrike,1,No,,,,,,,,,,,,,,,,,,,,,,426f8003-644b-49c3-a5ab-910b577119bc,,,,,,,,,,,,,,,,,,,,,,,1/29/2025 5:21:45 PM,ccber_user,1/29/2025 5:21:45 PM,ccber_user,-119.847707204983,34.4073438852505
190,Common Yellowthroat,1,No,,,,,,,,,,,,,,,,,,,,,,66a9f1e7-8c87-47d3-854d-1869c018079f,,,,,,,,,,,,,,,,,,,,,,,1/29/2025 4:57:45 PM,ccber_user,1/29/2025 4:57:45 PM,ccber_user,-119.84330955012,34.4069618016013
191,California Thrasher,1,No,,,,,,,,,,,,,,,,,,,,,,51522770-74c0-4b57-a2fe-777221f4a09b,,,,,,,,,,,,,,,,,,,,,,,1/29/2025 5:22:03 PM,ccber_user,1/29/2025 5:22:03 PM,ccber_user,-119.847150958277,34.4073788451476
192,American Pipit,1,No,,,,,,,,,,,,,,,,,,,,,,8fd68b47-31a0-47ef-8154-8fb38d7bebe1,,,,,,,,,,,,,,,,,,,,,,,1/29/2025 4:57:52 PM,ccber_user,1/29/2025 4:57:52 PM,ccber_user,-119.843768372736,34.4068576135786
193,Black Phoebe,1,No,,,,,,,,,,,,,,,,,,,,,,c6f3fd1a-80dd-488b-a5a7-b7e6d425bf75,,,,,,,,,,,,,,,,,,,,,,,1/29/2025 5:25:38 PM,ccber_user,1/29/2025 5:25:38 PM,ccber_user,-119.848470729855,34.4068543769707
194,Least Sandpiper,1,No,,,,,,,,,,,,,,,,,,,,,,950be636-3cf2-4622-b678-06881b052fbc,,,,,,,,,,,,,,,,,,,,,,,1/29/2025 4:58:25 PM,ccber_user,1/29/2025 4:58:25 PM,ccber_user,-119.843595788404,34.4067898908496
195,Say's Phoebe,1,No,,,,,,,,,,,,,,,,,,,,,,dfa6d8ef-5659-4d75-85ee-f848dfa4c29c,,,,,,,,,,,,,,,,,,,,,,,1/29/2025 5:25:54 PM,ccber_user,1/29/2025 5:25:54 PM,ccber_user,-119.848646557105,34.4068142866025
196,American Pipit,1,No,,,,,,,,,,,,,,,,,,,,,,e70b3449-3764-4fcb-91f5-f2223880177b,,,,,,,,,,,,,,,,,,,,,,,1/29/2025 4:58:35 PM,ccber_user,1/29/2025 4:58:35 PM,ccber_user,-119.84358526464,34.4068246204801
197,California Towhee,1,No,,,,,,,,,,,,,,,,,,,,,,5fcf4f77-d1ce-414b-b307-a16681e4c035,,,,,,,,,,,,,,,,,,,,,,,1/29/2025 5:26:25 PM,ccber_user,1/29/2025 5:26:25 PM,ccber_user,-119.848063006107,34.4070844767247
198,Ruddy Duck,3,No,,,,,,,,,,,,,,,,,,,,,,db4680bc-b16f-4898-a423-b5721756ad25,,,,,,,,,,,,,,,,,,,,,,,1/29/2025 4:59:46 PM,ccber_user,1/29/2025 5:01:20 PM,ccber_user,-119.844198464535,34.4065514011633
199,White-crowned Sparrow,1,No,,,,,,,,,,,,,,,,,,,,,,fb15ccfa-74cd-437b-8e2b-8b9ec2bc4d05,,,,,,,,,,,,,,,,,,,,,,,1/29/2025 5:26:36 PM,ccber_user,1/29/2025 5:26:36 PM,ccber_user,-119.848188234851,34.4070041516653
200,Common Yellowthroat,1,No,,,,,,,,,,,,,,,,,,,,,,3a39f60a-1c5d-4f11-8d03-0505b9f73925,,,,,,,,,,,,,,,,,,,,,,,1/29/2025 5:26:46 PM,ccber_user,1/29/2025 5:26:46 PM,ccber_user,-119.848238751611,34.4071263123692
201,Blue-gray Gnatcatcher,1,No,,,,,,,,,,,,,,,,,,,,,,d2efd5db-7f99-44bd-8992-4302a239d7d3,,,,,,,,,,,,,,,,,,,,,,,1/29/2025 5:27:26 PM,ccber_user,1/29/2025 5:27:26 PM,ccber_user,-119.848466946151,34.4069869058438
202,California Towhee,1,No,,,,,,,,,,,,,,,,,,,,,,559ff46e-2f4c-4acc-93ac-f2ae6169c626,,,,,,,,,,,,,,,,,,,,,,,1/29/2025 5:34:41 PM,ccber_user,1/29/2025 5:34:41 PM,ccber_user,-119.849217251416,34.4077756282095
203,Song Sparrow,1,No,,,,,,,,,,,,,,,,,,,,,,ec29619d-9ba3-452d-b448-f894800697e4,,,,,,,,,,,,,,,,,,,,,,,1/29/2025 5:01:28 PM,ccber_user,1/29/2025 5:01:28 PM,ccber_user,-119.844257731784,34.4062740386308
204,White-crowned Sparrow,1,No,,,,,,,,,,,,,,,,,,,,,,0b3a849c-ae60-41b1-98a0-a7189541bdf3,,,,,,,,,,,,,,,,,,,,,,,1/29/2025 5:35:54 PM,ccber_user,1/29/2025 5:35:54 PM,ccber_user,-119.848883271268,34.4076525887155
205,Yellow-rumped Warbler,1,No,,,,,,,,,,,,,,,,,,,,,,8e9806f9-eaea-4eba-9d2a-bd839d7c90e1,,,,,,,,,,,,,,,,,,,,,,,1/29/2025 5:03:11 PM,ccber_user,1/29/2025 5:03:11 PM,ccber_user,-119.84424389144,34.4057900613033
206,White-crowned Sparrow,3,No,,,,,,,,,,,,,,,,,,,,,,fdb3e21e-1558-45d2-a36b-433ac7b59ed7,,,,,,,,,,,,,,,,,,,,,,,1/29/2025 5:36:56 PM,ccber_user,1/29/2025 5:36:56 PM,ccber_user,-119.848925077963,34.4080636181678
207,California Towhee,1,No,,,,,,,,,,,,,,,,,,,,,,99582573-1126-4592-9748-8a563a4f01f0,,,,,,,,,,,,,,,,,,,,,,,1/29/2025 5:37:10 PM,ccber_user,1/29/2025 5:37:10 PM,ccber_user,-119.848996691657,34.4081886514636
208,Common Yellowthroat,1,No,,,,,,,,,,,,,,,,,,,,,,6b43aa2b-613e-40ea-b945-3c7a17327369,,,,,,,,,,,,,,,,,,,,,,,1/29/2025 5:04:01 PM,ccber_user,1/29/2025 5:04:01 PM,ccber_user,-119.844123923231,34.4058300002244
209,Cassin's Kingbird,1,No,,,,,,,,,,,,,,,,,,,,,,9bbb5136-e4cf-4d34-8474-876d8649732f,,,,,,,,,,,,,,,,,,,,,,,1/29/2025 5:40:03 PM,ccber_user,1/29/2025 5:40:03 PM,ccber_user,-119.848476917451,34.4082171015818
210,California Towhee,1,No,,,,,,,,,,,,,,,,,,,,,,772b5016-34bd-4505-9453-b101a639aee3,,,,,,,,,,,,,,,,,,,,,,,1/29/2025 5:43:32 PM,ccber_user,1/29/2025 5:43:32 PM,ccber_user,-119.848940274762,34.4081323085357
211,Greater Yellowlegs,1,No,,,,,,,,,,,,,,,,,,,,,,d1809266-4f7b-4676-b55c-387b0f955634,,,,,,,,,,,,,,,,,,,,,,,1/29/2025 5:47:45 PM,ccber_user,1/29/2025 5:47:45 PM,ccber_user,-119.850176173337,34.4077937454527
212,American Pipit,1,No,,,,,,,,,,,,,,,,,,,,,,fe152fee-23c4-4600-80f6-8911425f869f,,,,,Samsung SM-T713,2.82,3.29,34.4052092833333,-119.84411365,-21.5,0.9,0.6,0.7,1,,,17,1/29/2025 5:06:04 PM,,,,,1/29/2025 5:06:13 PM,ccber_user,1/29/2025 5:06:13 PM,ccber_user,-119.844113650097,34.4052092834804
213,Greater Yellowlegs,1,No,,,,,,,,,,,,,,,,,,,,,,4f7316f3-c4a4-4093-a631-056f55b5ea29,,,,,,,,,,,,,,,,,,,,,,,1/29/2025 5:51:38 PM,ccber_user,1/29/2025 5:51:38 PM,ccber_user,-119.850376765343,34.4091900398448
214,House Wren,1,No,,,,,,,,,,,,,,,,,,,,,,44ac22fc-5611-4a29-83bf-e4aab62907ca,,,,,,,,,,,,,,,,,,,,,,,1/29/2025 5:51:52 PM,ccber_user,1/29/2025 5:51:52 PM,ccber_user,-119.850773480237,34.4091587241044
215,Brown Pelican,3,No,,,,,,,,,,,,,,,,,,,,,,968cf840-9715-48f9-8f0f-8e008534fb99,,,,,,,,,,,,,,,,,,,,,,,1/29/2025 5:06:24 PM,ccber_user,1/29/2025 5:06:24 PM,ccber_user,-119.844249380146,34.404471259813
216,House Finch,2,No,,,,,,,,,,,,,,,,,,,,,,50624a49-ca38-42f2-be5c-1649512b6da8,,,,,,,,,,,,,,,,,,,,,,,1/29/2025 5:53:30 PM,ccber_user,1/29/2025 5:53:30 PM,ccber_user,-119.850733415376,34.4097163343352
217,Brandt's Cormorant,1,No,,,,,,,,,,,,,,,,,,,,,,dcf41670-2f02-4fc0-bbaf-a6eb6c506ddb,,,,,,,,,,,,,,,,,,,,,,,1/29/2025 5:06:37 PM,ccber_user,1/29/2025 5:06:37 PM,ccber_user,-119.844251484899,34.4044521583142
218,Dark-eyed Junco,2,No,,,,,,,,,,,,,,,,,,,,,,b3e8b0a2-597b-425c-b08b-c0a24979e332,,,,,,,,,,,,,,,,,,,,,,,1/29/2025 6:00:10 PM,ccber_user,1/29/2025 6:00:10 PM,ccber_user,-119.850334393608,34.4115429439024
219,White-crowned Sparrow,4,No,,,,,,,,,,,,,,,,,,,,,,22921491-290f-4db2-8aef-18075f819fb9,,,,,,,,,,,,,,,,,,,,,,,1/29/2025 6:00:30 PM,ccber_user,1/29/2025 6:00:30 PM,ccber_user,-119.850467621849,34.4115297595578
220,Heermann's Gull,3,No,,,,,,,,,,,,,,,,,,,,,,7defc128-82ff-43b3-a20d-51726b0632e2,,,,,,,,,,,,,,,,,,,,,,,1/29/2025 5:06:46 PM,ccber_user,1/29/2025 5:06:46 PM,ccber_user,-119.844165192733,34.4045441941158
221,House Finch,1,No,,,,,,,,,,,,,,,,,,,,,,652b4dbd-a2f1-4b4b-a5d0-3c30a7c10515,,,,,,,,,,,,,,,,,,,,,,,1/29/2025 6:00:40 PM,ccber_user,1/29/2025 6:00:40 PM,ccber_user,-119.850213298013,34.4115383816302
222,Black Turnstone,4,No,,,,,,,,,,,,,,,,,,,,,,40de0e0f-4159-4d9a-8a63-7a9185b91749,,,,,,,,,,,,,,,,,,,,,,,1/29/2025 5:08:02 PM,ccber_user,1/29/2025 5:08:02 PM,ccber_user,-119.844142041352,34.404872394727
223,Sanderling,4,No,,,,,,,,,,,,,,,,,,,,,,456ed82f-6677-4fda-b4b4-e212b7d562c0,,,,,,,,,,,,,,,,,,,,,,,1/29/2025 5:08:10 PM,ccber_user,1/29/2025 5:10:27 PM,ccber_user,-119.844110470959,34.4048237725504
224,Semipalmated Plover,1,No,,,,,,,,,,,,,,,,,,,,,,140e8111-32c5-4161-9853-55f9da35aed8,,,,,,,,,,,,,,,,,,,,,,,1/29/2025 5:08:19 PM,ccber_user,1/29/2025 5:08:19 PM,ccber_user,-119.844184134609,34.4048689216095
225,Royal Tern,4,No,,,,,,,,,,,,,,,,,,,,,,c4323ac6-516c-4c3c-9bef-2e83313877f7,,,,,,,,,,,,,,,,,,,,,,,1/29/2025 5:08:54 PM,ccber_user,1/29/2025 5:08:54 PM,ccber_user,-119.844367243603,34.4043062909668
226,Western Gull,10,No,,,,,,,,,,,,,,,,,,,,,,7c0f9cee-1851-4216-8bc1-415fb844eb58,,,,,,,,,,,,,,,,,,,,,,,1/29/2025 5:09:02 PM,ccber_user,1/29/2025 5:12:02 PM,ccber_user,-119.844112575712,34.4043985011046
227,Brandt's Cormorant,1,No,,,,,,,,,,,,,,,,,,,,,,357576b1-0fb8-4186-9ef7-0e7e3dc1c92f,,,,,,,,,,,,,,,,,,,,,,,1/29/2025 5:09:10 PM,ccber_user,1/29/2025 5:09:10 PM,ccber_user,-119.844384080727,34.4042665254943
228,California Gull,3,No,,,,,,,,,,,,,,,,,,,,,,b3dcd7e3-a711-46b4-b4bf-5d3b9a964a17,,,,,,,,,,,,,,,,,,,,,,,1/29/2025 5:09:59 PM,ccber_user,1/29/2025 5:09:59 PM,ccber_user,-119.844220967332,34.4045391593356
229,Savannah Sparrow,1,No,,,,,,,,,,,,,,,,,,,,,,46cc46ea-43ed-43af-b636-5c853f130081,,,,,,,,,,,,,,,,,,,,,,,1/29/2025 5:13:40 PM,ccber_user,1/29/2025 5:13:40 PM,ccber_user,-119.8444945771,34.4056056817929
230,Anna's Hummingbird,2,No,,,,,,,,,,,,,,,,,,,,,,ba15c4a8-efe3-4aff-8ad0-0a1bb22252a1,,,,,,,,,,,,,,,,,,,,,,,1/29/2025 5:13:51 PM,ccber_user,1/29/2025 5:13:51 PM,ccber_user,-119.844291856985,34.4055492207627
231,Song Sparrow,1,No,,,,,,,,,,,,,,,,,,,,,,cec01b33-58d9-4887-b1a5-e5b226cc6879,,,,,,,,,,,,,,,,,,,,,,,1/29/2025 5:14:19 PM,ccber_user,1/29/2025 5:14:19 PM,ccber_user,-119.844603351403,34.4056395180735
232,Song Sparrow,1,No,,,,,,,,,,,,,,,,,,,,,,faae8793-529a-4a0f-8929-5e9dd138dc1f,,,,,,,,,,,,,,,,,,,,,,,1/29/2025 5:14:51 PM,ccber_user,1/29/2025 5:14:51 PM,ccber_user,-119.844759098612,34.4056933494013
233,Song Sparrow,1,No,,,,,,,,,,,,,,,,,,,,,,c697fc1e-39e6-41d7-b2e4-1b86da59ffab,,,,,,,,,,,,,,,,,,,,,,,1/29/2025 5:15:48 PM,ccber_user,1/29/2025 5:15:48 PM,ccber_user,-119.844618084672,34.4061378910378
234,Bushtit,6,No,,,,,,,,,,,,,,,,,,,,,,6ee45e02-0b5d-4dea-af5c-7098fdee66e9,,,,,,,,,,,,,,,,,,,,,,,1/29/2025 5:16:56 PM,ccber_user,1/29/2025 5:16:56 PM,ccber_user,-119.844849601182,34.4063514775894
235,Common Yellowthroat,1,No,,,,,,,,,,,,,,,,,,,,,,e891a2b5-bbf3-4865-a156-61bf09bf9ead,,,,,,,,,,,,,,,,,,,,,,,1/29/2025 5:18:13 PM,ccber_user,1/29/2025 5:18:13 PM,ccber_user,-119.845188456487,34.4060076547065
236,California Scrub-Jay,1,No,,,,,,,,,,,,,,,,,,,,,,6133e943-e2e7-49af-bd89-d673630d07bc,,,,,,,,,,,,,,,,,,,,,,,1/29/2025 5:18:21 PM,ccber_user,1/29/2025 5:18:21 PM,ccber_user,-119.84510847768,34.4062438164872
237,House Wren,1,No,,,,,,,,,,,,,,,,,,,,,,4ecda237-fcf1-4ed1-a3c8-f2d680344079,,,,,,,,,,,,,,,,,,,,,,,1/29/2025 5:19:06 PM,ccber_user,1/29/2025 5:19:06 PM,ccber_user,-119.845308423798,34.4059625055208
238,Yellow-rumped Warbler,4,No,,,,,,,,,,,,,,,,,,,,,,b80c014c-2ca5-4c8b-b6ed-646ee390b6bc,,,,,,,,,,,,,,,,,,,,,,,1/29/2025 5:19:24 PM,ccber_user,1/29/2025 5:19:24 PM,ccber_user,-119.845607290598,34.4062785456033
239,Anna's Hummingbird,1,No,,,,,,,,,,,,,,,,,,,,,,a896b5fb-73e3-4aed-973f-00bf2d4f0c43,,,,,,,,,,,,,,,,,,,,,,,1/29/2025 5:19:45 PM,ccber_user,1/29/2025 5:19:45 PM,ccber_user,-119.845499950905,34.4063306399914
240,Wrentit,1,No,,,,,,,,,,,,,,,,,,,,,,c304869a-deca-4455-bfac-4408b21b9ebd,,,,,,,,,,,,,,,,,,,,,,,1/29/2025 5:20:04 PM,ccber_user,1/29/2025 5:20:04 PM,ccber_user,-119.845278958158,34.4063931535109
241,House Finch,1,No,,,,,,,,,,,,,,,,,,,,,,fef98b57-1425-4c06-a424-8f2e5e07a2e7,,,,,,,,,,,,,,,,,,,,,,,1/29/2025 5:20:20 PM,ccber_user,1/29/2025 5:20:20 PM,ccber_user,-119.845615709609,34.4063792612923
242,Song Sparrow,1,No,,,,,,,,,,,,,,,,,,,,,,dd88cbcc-df11-4e3a-9ffa-afbff9997ea4,,,,,,,,,,,,,,,,,,,,,,,1/29/2025 5:21:03 PM,ccber_user,1/29/2025 5:21:03 PM,ccber_user,-119.845556777431,34.4060293602817
243,House Finch,2,No,,,,,,,,,,,,,,,,,,,,,,45ba9945-4fb0-4775-ab0d-53504e122be7,,,,,,,,,,,,,,,,,,,,,,,1/29/2025 5:21:11 PM,ccber_user,1/29/2025 5:21:11 PM,ccber_user,-119.845712525539,34.406210056049
244,White-crowned Sparrow,1,No,,,,,,,,,,,,,,,,,,,,,,829d684f-d81e-4cb5-b41d-9b1c559d1907,,,,,Samsung SM-T713,2.82,3.29,34.4061728,-119.845975016667,-31.5,0.9,0.6,0.7,1,,,17,1/29/2025 5:21:50 PM,,,,,1/29/2025 5:21:59 PM,ccber_user,1/29/2025 5:21:59 PM,ccber_user,-119.845975016858,34.4061728002991
245,American Wigeon,3,No,,,,,,,,,,,,,,,,,,,,,,053e2c64-f397-49d7-a061-2458ca147f82,,,,,,,,,,,,,,,,,,,,,,,1/29/2025 5:22:21 PM,ccber_user,1/29/2025 5:22:21 PM,ccber_user,-119.846155520738,34.4065711306813
246,Mallard,6,No,,,,,,,,,,,,,,,,,,,,,,16d0e819-447b-4583-921a-2e989f518fd2,,,,,,,,,,,,,,,,,,,,,,,1/29/2025 5:22:28 PM,ccber_user,1/29/2025 5:22:28 PM,ccber_user,-119.846240988251,34.406644742791
247,Greater/Lesser Scaup,1,No,,,,,,,,,,,,,,,,,,,,,,4afb9e65-8f9e-49b7-afc4-c96d5e5e210c,,,,,,,,,,,,,,,,,,,,,,,1/29/2025 5:22:36 PM,ccber_user,1/29/2025 5:22:36 PM,ccber_user,-119.846344118438,34.4066117503496
248,Bufflehead,1,No,,,,,,,,,,,,,,,,,,,,,,f7cd0835-a527-46e4-9525-6e202046c2c8,,,,,,,,,,,,,,,,,,,,,,,1/29/2025 5:22:45 PM,ccber_user,1/29/2025 5:22:45 PM,ccber_user,-119.84606840302,34.4066655803107
249,Common Yellowthroat,1,No,,,,,,,,,,,,,,,,,,,,,,976b7b6c-2b7e-407e-9736-1a1a8539d297,,,,,,,,,,,,,,,,,,,,,,,1/29/2025 5:23:42 PM,ccber_user,1/29/2025 5:23:42 PM,ccber_user,-119.84671033463,34.4060352384108
250,American Wigeon,5,No,,,,,,,,,,,,,,,,,,,,,,16415c3d-ac39-43ef-ae77-ff2bc96446ec,,,,,,,,,,,,,,,,,,,,,,,1/29/2025 5:24:35 PM,ccber_user,1/29/2025 5:24:35 PM,ccber_user,-119.846554516454,34.4064381616447
251,Whimbrel,1,No,,,,,,,,,,,,,,,,,,,,,,56624f81-77a6-41ec-add9-568e444c27ab,,,,,,,,,,,,,,,,,,,,,,,1/29/2025 5:25:54 PM,ccber_user,1/29/2025 5:25:54 PM,ccber_user,-119.847383765666,34.406208965807
252,Willet,1,No,,,,,,,,,,,,,,,,,,,,,,0fdca236-564b-4f53-b80c-2975e9d312d8,,,,,,,,,,,,,,,,,,,,,,,1/29/2025 5:26:10 PM,ccber_user,1/29/2025 5:26:10 PM,ccber_user,-119.847322729634,34.4061399447858
253,Cassin's Kingbird,1,No,,,,,,,,,,,,,,,,,,,,,,f995cd13-0904-44cb-93dd-754dad095952,,,,,,,,,,,,,,,,,,,,,,,1/29/2025 5:26:26 PM,ccber_user,1/29/2025 5:26:26 PM,ccber_user,-119.84767166763,34.4064586516143
254,Black Phoebe,1,No,,,,,,,,,,,,,,,,,,,,,,c48ebedf-4eeb-4cc8-9964-58d819d7713a,,,,,,,,,,,,,,,,,,,,,,,1/29/2025 5:26:35 PM,ccber_user,1/29/2025 5:26:35 PM,ccber_user,-119.847276360396,34.4060076828706
255,Least Sandpiper,2,No,,,,,,,,,,,,,,,,,,,,,,ad1b8b9d-8d3c-4f01-a7fd-614791dbbff1,,,,,,,,,,,,,,,,,,,,,,,1/29/2025 5:26:47 PM,ccber_user,1/29/2025 5:26:47 PM,ccber_user,-119.847467740179,34.4061208696085
256,House Finch,2,No,,,,,,,,,,,,,,,,,,,,,,b90503f9-a19a-4f38-95e8-f8b23defde07,,,,,,,,,,,,,,,,,,,,,,,1/29/2025 5:27:22 PM,ccber_user,1/29/2025 5:27:22 PM,ccber_user,-119.847529346641,34.4063538329825
257,American Pipit,2,No,,,,,,,,,,,,,,,,,,,,,,5a6e3481-42d1-480f-8630-1910bad4944f,,,,,,,,,,,,,,,,,,,,,,,1/29/2025 5:27:30 PM,ccber_user,1/29/2025 5:27:30 PM,ccber_user,-119.847488275666,34.4062739415393
258,Least Sandpiper,4,No,,,,,,,,,,,,,,,,,,,,,,2bafd7e1-7930-4b4b-a187-0bcbe5a8e7bb,,,,,,,,,,,,,,,,,,,,,,,1/29/2025 5:27:38 PM,ccber_user,1/29/2025 5:28:13 PM,ccber_user,-119.847436936948,34.4063205343289
259,Say's Phoebe,1,No,,,,,,,,,,,,,,,,,,,,,,f88fafdd-6d29-42e6-b728-759cc799da92,,,,,,,,,,,,,,,,,,,,,,,1/29/2025 5:27:45 PM,ccber_user,1/29/2025 5:27:45 PM,ccber_user,-119.847639724437,34.4063501842725
260,Black-bellied Plover,1,No,,,,,,,,,,,,,,,,,,,,,,f9332dd0-16a9-4e3e-b1a6-4af3a2e59e2d,,,,,,,,,,,,,,,,,,,,,,,1/29/2025 5:28:38 PM,ccber_user,1/29/2025 5:28:38 PM,ccber_user,-119.847791173207,34.4063254267001
261,Least Sandpiper,6,No,,,,,,,,,,,,,,,,,,,,,,28c76da6-cee5-43fb-8102-d7989a29ac10,,,,,,,,,,,,,,,,,,,,,,,1/29/2025 5:29:04 PM,ccber_user,1/29/2025 5:29:04 PM,ccber_user,-119.847958023593,34.4063656655337
262,Black Phoebe,1,No,,,,,,,,,,,,,,,,,,,,,,d76b9d49-7c52-4b66-9b0d-808364c1fa63,,,,,,,,,,,,,,,,,,,,,,,1/29/2025 5:29:53 PM,ccber_user,1/29/2025 5:29:53 PM,ccber_user,-119.84781427608,34.4065160325444
263,White-crowned Sparrow,4,No,,,,,,,,,,,,,,,,,,,,,,5f2bb51b-f8d4-4158-aa15-d02e7001a0a7,,,,,,,,,,,,,,,,,,,,,,,1/29/2025 5:30:01 PM,ccber_user,1/29/2025 5:32:24 PM,ccber_user,-119.84782711031,34.4064842651809
264,Blue-gray Gnatcatcher,2,No,,,,,,,,,,,,,,,,,,,,,,c86ce7fb-f127-47b3-b5cc-2845e4079592,,,,,,,,,,,,,,,,,,,,,,,1/29/2025 5:30:29 PM,ccber_user,1/29/2025 5:31:28 PM,ccber_user,-119.847891284157,34.4066049821356
265,White-crowned Sparrow,2,No,,,,,,,,,,,,,,,,,,,,,,5d3259d3-3476-487d-82ae-a6ecfb8a42ff,,,,,Samsung SM-T713,2.82,3.29,34.4066246,-119.8475737,-33.6,0.9,0.6,0.7,1,,,19,1/29/2025 5:32:47 PM,,,,,1/29/2025 5:32:55 PM,ccber_user,1/29/2025 5:32:55 PM,ccber_user,-119.84757370006,34.4066245997268
266,Common Yellowthroat,1,No,,,,,,,,,,,,,,,,,,,,,,9a28c692-019d-403a-92b2-6d04888f07d7,,,,,Samsung SM-T713,2.35,2.82,34.4074748833333,-119.84856775,-17.3,0.8,0.5,0.6,1,,,20,1/29/2025 5:37:18 PM,,,,,1/29/2025 5:37:38 PM,ccber_user,1/29/2025 5:37:38 PM,ccber_user,-119.848567749702,34.407474883623
267,California Towhee,1,No,,,,,,,,,,,,,,,,,,,,,,24bb3022-3dee-4ea5-8893-7de7335af83c,,,,,,,,,,,,,,,,,,,,,,,1/29/2025 5:41:16 PM,ccber_user,1/29/2025 5:41:16 PM,ccber_user,-119.848520293502,34.4077530277862
268,American Crow,5,No,,,,,,,,,,,,,,,,,,,,,,66e3025d-b037-4eb5-bcd0-ba0b6d24c9da,,,,,,,,,,,,,,,,,,,,,,,1/29/2025 5:44:08 PM,ccber_user,1/29/2025 5:44:08 PM,ccber_user,-119.849467851735,34.4076280768474
269,Northern Mockingbird,1,No,,,,,,,,,,,,,,,,,,,,,,f078e619-400a-4cb5-807a-3c3e900034b9,,,,,,,,,,,,,,,,,,,,,,,1/29/2025 5:51:47 PM,ccber_user,1/29/2025 5:51:47 PM,ccber_user,-119.850795589573,34.4090778303654
270,American Pipit,1,No,,,,,,,,10:05,,,,,,,57,0,,,,,,faa1b772-a51e-4c9a-8ddf-f89cc1630884,,,,,,,,,,,,,,,,,,,,,,,1/29/2025 5:59:11 PM,ccber_user,1/29/2025 6:00:18 PM,ccber_user,-119.851086734455,34.4114119200327
